dvd	iso	count
1001	ass00n01_s00n02	1
1002	ass00n01_s00n03	1
1003	ass00n01_s00n04	1
1004	ass00n02_s00n01	1
1005	ass00n02_s00n03	1
1006	ass00n02_s00n05	1
1007	ass00n03_s00n02	1
1008	ass00n03_s00n05	1
1009	ass00n03_s00n04	1
1010	ass00n03_s00n13	1
1011	ass00n03_s00n14	1
1012	ass00n03_s00n01	1
1013	ass00n03_s01n01	1
1014	ass00n03_s00n15	1
1015	ass00n04_s00n01	1
1016	ass00n04_s00n03	1
1017	ass00n04_s00n05	1
1018	ass00n05_s00n03	3
1019	ass00n05_s00n02	2
1020	ass00n05_s00n04	1
1021	ass00n05_s00n08	2
1022	ass00n06_s00n07	1
1023	ass00n06_s00n11	1
1024	ass00n07_s00n06	1
1025	ass00n07_s00n08	1
1026	ass00n08_s00n07	1
1027	ass00n08_s00n11	1
1028	ass00n08_s00n09	1
1029	ass00n08_s00n05	3
1031	ass00n09_s00n08	1
1032	ass00n09_s00n10	1
1033	ass00n10_s00n09	1
1034	ass00n10_s00n11	1
1035	ass00n11_s00n06	2
1036	ass00n11_s00n08	1
1037	ass00n11_s00n10	1
1038	ass00n13_s00n14	1
1039	ass00n13_s00n15	1
1040	ass00n13_s00n03	1
1041	ass00n14_s00n13	1
1042	ass00n14_s00n15	1
1043	ass00n14_s00n03	1
1044	ass00n15_s00n13	1
1045	ass00n15_s00n14	1
1046	ass00n15_s00n03	1
1047	ass01n01_s00n03	1
1048.was	as_bgr.was	1
1049.was	as_druillet_1.was	1
1050.was	as_druillet_2.was	1
1051.was	as_druillet_3.was	1
1052.was	as_druillet_4.was	1
1053.wav	as_hartbeat.wav	2
1054.wav	as_starbrst1.wav	1
1055.was	as_starbrst2.was	1
1056.was	as_starbrst3.was	1
1057.wav	as_roundtable.wav	1
1058.wav	as_roundtablestop.wav	1
1059.wav	as_roundtablerotating.wav	1
1060.was	as_drill01.was	1
1061.was	as_drill02.was	1
1062.was	as_drill03.was	1
1063.was	as_drill04.was	1
1064.was	as_drill05.was	1
1065.was	as_drill06.was	1
1066.was	as_drill07.was	1
1067.was	as_drill08.was	1
1068.was	as_drill09.was	1
1069.was	as_drill10.was	1
1070.was	as_drill11.was	1
1071.was	as_drill12.was	1
1072.wac	vov_as1_01.01.wac	1
1073.wac	vov_as1_01.02.wac	1
1074.wac	vov_as1_01.03.wac	1
1075.wac	vov_as1_01.04.wac	1
1076.wac	vov_as1_01.05.wac	1
1077.wac	vov_as1_01.06.wac	1
1078.wac	vov_as1_01.07.wac	1
1079.wac	vov_as1_01.08.wac	1
1080.wac	vov_as1_01.09.wac	1
1081.wac	vov_as2_01.01.wac	1
1082.wac	vov_as2_01.02.wac	1
1083.wac	vov_as2_01.03.wac	1
1084.wac	vov_as2_01.04.wac	1
1085.wac	vov_as2_01.05.wac	1
1086.wac	vov_as2_01.06.wac	1
1087.wac	vov_as2_01.07.wac	1
1088.wac	vov_as2_01.08.wac	1
1089.wac	vov_as2_01.09.wac	1
1090.wac	vov_as3_01.01.wac	1
1091.wac	vov_as3_01.02.wac	1
1092.wac	vov_as3_01.03.wac	1
1093.wac	vov_as3_01.04.wac	1
1094.wac	vov_as3_01.05.wac	1
1095.wac	vov_as3_01.06.wac	1
1096.wac	vov_as3_01.07.wac	1
1097.wac	vov_as3_01.08.wac	1
1098.wac	vov_as3_01.09.wac	1
1099.wac	vov_as3_01.10.wac	1
1100.wac	vov_as6_01.01.wac	1
1101.wac	vov_as6_01.02.wac	1
1102.wac	vov_as6_01.03.wac	1
1103.wac	vov_as6_01.04.wac	1
1104.wac	vov_as6_01.05.wac	1
1105.wac	vov_as6_01.06.wac	1
1106.wac	vov_as6_01.07.wac	1
1107.wac	vov_as6_01.08.wac	1
1108.wac	vov_as6_01.09.wac	1
1109.wac	vov_as6_01.10.wac	1
1110.wac	vov_as6_01.11.wac	1
1111.wac	vov_as6_01.12.wac	1
1112.wac	vov_as6_01.13.wac	1
1125.wac	ast_ring.wac	1
1126.wac	ast_bru.wac	1
1127.wac	ast_wot.wac	1
1128.wac	ast_sig.wac	1
1129.wac	ast_log.wac	1
1130.wac	ast_faf.wac	1
1131.wac	ast_fas.wac	1
1132.wac	ast_alb.wac	1
1133.wac	sp_int02.03.wac	1
1134.wac	sp_int02.04.wac	1
1135.wac	sp_int02.05.wac	1
1136.wav	sp_int02.06.wav	1
1137.wac	sp_int02.07.wac	1
1138.wac	sp_int02.08.wac	1
1139.wac	sp_int02.09.wac	1
1140.wac	sp_concl.wac	1
1141	ass01n01p01a01	1
1142	ass01n01p01a02	1
1143	ass01n01p02a01	1
1144	ass01n01p03a01	1
1145	ass01n01p04a01	1
1146	ass01n01p05a01	1
1151	ass01n01p01b01	1
1152	ass01n01p01b02	1
1153	ass01n01p02b01	1
1154	ass01n01p03b01	1
1155	ass01n01p04b01	1
1156	ass01n01p05b01	1
1157	dril_04	1
1158	dril_06	1
1159	tr_wa_n	1
1160	tr_wa_mm_2	1
1161	tr_wa_mm_3	1
1162	tr_wa_mm	1
1163	introm_2	1
1164	introm	1
1166	dril_01	1
1167	fos03n01p02a01	1
1168	fos03n01p01a01	2
1169	fos03n01p01a02	2
1170	fos03n01_s03n02	1
1171	fos03n01p01a03	7
1172	fos03n02_s05n01	1
1173	fos06n01p05a01	1
1174	fos06n01p05a03	1
1175	fos06n01p05a02	1
1176	fos00n03p01a02	1
1177	fos00n03p01a03	1
1178	fos00n03p01a01	2
1179	fos00n03_s01n01	2
1180	fos06n01p01a01	1
1181	fos06n01p01a03	1
1182	fos06n01p01a05	1
1183	fos06n01p01a02	1
1184	fos06n01p01a04	2
1185	fos06n01p03a02	1
1186	fos06n01p03a03	1
1187	fos06n01p03a01	1
1188	fos06n01p04a01	1
1189	fos06n01p04a02	1
1190	fos07n03a01	1
1191	fos07n03a02	1
1192	fos07n03a03	1
1193	fos07n04p01a01	2
1194	fos07n04p01a02	1
1195	fos05n01p01a01	1
1196	fos00n11a01	1
1197	fos00n11a03	2
1198	fos00n11a02	1
1199	fos01n01p02a02	1
1200	fos00n04p01a02	1
1201	fos00n04p01a01	1
1202	fos00n04p01a03	1
1203	fos03n02a01	1
1204	fos03n02a02	1
1205	fos06n02p01a02	1
1206	fos01n01p02a03	1
1207	fos06n02p01a01	1
1208	fos01n01p01a02_1	1
1209	fos01n01p01a02_2	1
1210	fos01n01p01a02_3	1
1211	fos01n01p01a02_4	1
1212	fos01n01p01a02_5	1
1213	fos01n01p02a01	1
1214	fos01n01p01a03	1
1215	tr_fo_as	1
1216	fos00n03p02a01	1
1217	tr_as_fo_a	1
1218	tr_as_fo_b	1
1219	fos00n01_s00n03	3
1220	fos00n02_s00n03	2
1221	fos00n03_s00n01	1
1222	fos00n03_s00n02	1
1223	fos00n03_s00n04	1
1224	fos00n04_s00n01	3
1225	fos00n04_s00n05	1
1226	fos00n04_s00n09	1
1227	fos00n05_s00n04	1
1228	fos00n05_s00n06_var2	1
1229	fos00n06_s00n05	1
1230	fos00n06_s00n08	1
1231	fos00n08_s00n06	1
1232	fos00n08_s03n01	1
1233	fos00n09_s00n04	2
1234	fos00n09_s00n10	1
1235	fos00n10_s00n09	1
1236	fos00n10_s00n11	1
1237	fos00n10_s00n12	1
1238	fos00n11_s00n10	1
1239	fos00n11_s04n01	2
1240	fos00n12_s00n10	1
1241	fos00n12_s05n01	1
1242	fos01n01_s00n03	2
1243	fos03n01_s00n08	1
1244	fos04n01_s04n02	1
1245	fos04n01_s00n11	1
1246	fos04n01_s08n01	1
1247	fos04n02_s04n01	1
1248	fos04n02_s08n01	1
1249	fos04n02_s05n01	1
1250	fos05n01_s00n12	1
1251	fos05n01_s06n01	1
1253	fos06n01_s06n02	2
1254	fos06n01_s05n01	1
1255	fos06n02_s06n01	1
1256	fos06n02_s07n01	1
1257	fos07n01_s07n02	1
1258	fos07n01_s06n02	1
1259	fos07n02_s07n03	1
1260	fos07n02_s07n01	1
1261	fos07n02_s07n04	1
1262	fos07n03_s07n02	1
1263	fos07n04_s07n02	1
1264	fos08n01_s04n01	1
1265	fos08n01_s04n02	1
1267.was	fo_bgr_wot_vs_bru.was	1
1269.was	fo_bgr_forest.was	1
1270.was	fo_bgr_bridge.was	1
1271.was	fo_bgr_house.was	1
1272.was	fo_bgr_hunding.was	1
1273.was	fo_bgr_tomb.was	1
1274.was	fo_bgr_lake.was	1
1275.was	fo_na_vodi.was	1
1276.wav	fo_planets_stopping.wav	1
1277.wav	fo_planets_rotating.wav	1
1278.wav	fo_birds_01.wav	1
1279.wav	fo_birds_02.wav	1
1280.wav	fo_birds_03.wav	1
1281.wav	fo_birds_04.wav	1
1282.wav	fo_birds_05.wav	1
1283.wav	fo_birds_06.wav	1
1284.wav	fo_birds_07.wav	1
1285.wav	fo_birds_08.wav	1
1286.wav	fo_birds_09.wav	1
1287.wav	fo_birds_10.wav	1
1288.wav	fo_birds_11.wav	1
1289.wav	fo_birds_12.wav	1
1290.wav	fo_birds_13.wav	1
1291.wav	fo_birds_14.wav	1
1292.wav	fo_birds_15.wav	1
1293.wav	fo_wolf_growls.wav	1
1294.wav	fo_wolf_growls2.wav	1
1295.wav	fo_wind_01.wav	1
1296.wav	fo_wind_02.wav	1
1297.wav	fo_wind_03.wav	1
1298.wav	fo_grmenje01.wav	1
1299.wav	fo_grmenje02.wav	1
1300.wav	fo_grmenje03.wav	1
1301.was	fo_grmenje04.was	1
1302.wav	fo_grmenje05.wav	1
1303.was	fo_grmenje06.was	1
1304.wav	fo_grmenje07.wav	1
1305.wav	fo_grmenje08.wav	1
1306.wav	fo_grmenje09.wav	1
1307.wav	fo_drinking_water.wav	1
1308.wav	fo_swallow_water.wav	1
1309.wav	fo_creak_leather.wav	1
1310.wav	fo_knocking_on_door.wav	1
1311.wav	fo_zapiranje_predala.wav	1
1312.wav	fo_metals_in_mold.wav	1
1313.wav	fo_boiling_water.wav	1
1314.wav	fo_door_open.wav	1
1315.wav	fo_take_small.wav	1
1316.was	fo_fire_loop.was	1
1317.wav	fo_lever.wav	1
1318.wav	ro_rotate.wav	1
1320.wav	fo_rotate.wav	1
1322.wac	fos00n03p01di01.wac	1
1323.wac	fos00n03p01di02.wac	1
1324.wac	fos01n01p01di01.wac	1
1325.wac	fos01n01p01di02.wac	1
1326.wac	fos01n01p01di03.wac	1
1327.wac	fos01n01p01di04.wac	1
1328.wac	fos01n02p01di01.wac	1
1329.wac	fos01n02p01di02.wac	1
1330.wac	fos01n02p01di03.wac	1
1331.wac	fos01n02p01di03b.wac	1
1332.wac	fos01n02p01di04.wac	1
1333.wac	fos01n02p01di05.wac	1
1334.wac	vov_fo1_01.wac	1
1335.wac	vov_fo1_02.wac	1
1336.wac	vov_fo1_03.wac	1
1337.wac	vov_fo1_04.wac	1
1338.wac	vov_fo1_05.wac	1
1339.wac	vov_fo1_06.wac	1
1340.wac	vov_fo1_07.wac	1
1341.wac	vov_fo2_01.wac	1
1342.wac	vov_as4_01.01_a.wac	1
1343.wac	vov_as4_01.01_b.wac	1
1344.wac	vov_as4_01.01_c.wac	1
1345.wac	vov_as4_01.01_d.wac	1
1346.wac	vov_as4_01.01_e.wac	1
1347.wac	vov_as4_01.02_a.wac	1
1348.wac	vov_as4_01.02_b.wac	1
1349.wac	vov_as4_01.03_a.wac	1
1350.wac	vov_as4_01.03_b.wac	1
1351.wac	vov_as4_01.03_c.wac	1
1352.wac	vov_as4_01.03_d.wac	1
1353.wac	vov_as4_01.04_a.wac	1
1354.wac	vov_as4_01.04_b.wac	1
1355.wac	vov_as4_01.05_a.wac	1
1356.wac	vov_as4_01.05_b.wac	1
1357.wac	vov_as4_01.05_c.wac	1
1358.wac	vov_as4_01.05_d.wac	1
1359.wav	fos06n02_sun.wav	1
1360.wav	fos06n02_moon.wav	1
1361.wav	fos06n02_venus.wav	1
1362.wav	fos06n02_saturn.wav	1
1363.wav	fos06n02_mercury.wav	1
1364.wav	fos06n02_mars.wav	1
1365.wav	fos06n02_jupiter.wav	1
1366.wav	fos03n02_silver.wav	1
1367.wav	fos03n02_copper.wav	1
1368.wav	fos03n02_tin.wav	1
1369.wav	fos03n02_quicksilver.wav	1
1370.wav	fos03n02_gold.wav	1
1371.wav	fos03n02_lead.wav	1
1372.wav	fos03n02_steel.wav	1
1373	n2s00n01_s00n02	1
1374	n2s00n01_s04n01	1
1375	n2s00n01_s02n01	1
1376	n2s00n02_s00n01	1
1377	n2s00n02_s03n01	1
1378	n2s00n02_s01n02	1
1379	n2s00n02_s04n01	1
1380	n2s01n01_s01n02	1
1381	n2s01n02_s01n01	1
1382	n2s01n02_s06n01_var2	1
1383	n2s01n02_s06n01_var1	1
1384	n2s07n01_s00n01	1
1385	n2s03n01_s00n02	1
1386	n2s04n01_s00n01	1
1387	n2s05n01_s06n01	1
1388	n2s06n01_s01n02	1
1389	n2s06n01_s05n01	1
1392.was	n2_bgr.was	1
1394.wav	n2_voda1.wav	1
1395.was	n2_mimes_forge_soft.was	1
1396.wav	n2_forging1_deep.wav	1
1397.wav	n2_steam_loop1.wav	1
1399.wav	n2_door_open1.wav	1
1400.wav	n2_door_open2.wav	1
1401.wav	n2_mosaic_up.wav	1
1402.wav	n2_mosaic_dn.wav	1
1403.wav	n2_holo_up.wav	1
1404.wav	n2_holo_dn.wav	1
1405.was	n2_full_work.was	1
1406.was	n2_moaning1.was	1
1412.wav	n2_furnace_open.wav	1
1413.wav	n2_furnace_close.wav	1
1414.wav	n2_furnace_open_2.wav	1
1415.wav	n2_furnace_close_1.wav	1
1417.wac	tr_as_n2.01.wac	1
1418.wac	tr_as_n2.02.wac	1
1419.wac	tr_as_n2.02sp.wac	1
1420.wac	tr_as_n2.03.wac	1
1421.wac	tr_as_n2.04.wac	1
1422.wac	tr_as_n2.05.wac	1
1423.wac	tr_as_n2.06.wac	1
1424.wac	tr_as_n2.06sp.wac	1
1425.wac	tr_as_n2.07.wac	1
1426.wac	tr_as_n2.08.wac	1
1427.wac	n2extn01p01c01.01.wac	1
1428.wac	n2extn01p01c01.02.wac	1
1429.wac	n2extn01p01c01.03.wac	1
1430.wac	n2extn01p01d01.wac	1
1431.wac	n2extn01p01d02.wac	1
1432.wac	n2extn01p01d03.wac	1
1433.wac	n2extn01p01d04.wac	1
1434.wac	n2extn01p01d05.wac	1
1435.wac	n2extn01p01d06.wac	1
1436.wac	n2extn01p01d07.wac	1
1437.wac	n2extn01p01d08.wac	1
1438.wac	n2extn01p01d09.wac	1
1439.wac	n2extn01p01d10.wac	1
1440.wac	n2extn01p01d11.wac	1
1441.wac	n2extn01p01d12.wac	1
1442.wac	n2extn01p01d13.wac	1
1443.wac	n2extn01p01d14.wac	1
1444.wac	n2extn01p01d15.wac	1
1445.wac	n2extn01p01d16.wac	1
1446.wac	n2extn01p01d17.wac	1
1447.wac	n2extn01p01d18.wac	1
1448.wac	n2extn01p01d18sp.wac	1
1449.wac	n2extn01p01d19.wac	1
1450.wac	n2extn01p01d20.wac	1
1451.wac	n2extn01p01d21.wac	1
1452.wac	n2extn01p01d21sp.wac	1
1453.wac	n2extn01p01d22.wac	1
1454.wac	n2extn01p01d23.wac	1
1455.wac	n2extn01p01d24.wac	1
1456.wac	n2extn01p01d25.wac	1
1457.wac	n2extn01p01d26.wac	1
1458.wac	n2extn01p01d27.wac	1
1459.wac	n2extn01p01d28.wac	1
1460.wac	n2extn01p01d29.wac	1
1461.wac	n2extn01p01d30.wac	1
1462.wac	n2extn01p01d31.wac	1
1463.wac	n2extn01p01d32.wac	1
1464.wac	n2extn01p01d33.wac	1
1465.wac	n2extn01p01d34.wac	1
1466.wac	n2extn01p01d35.wac	1
1467.wac	n2extn01p01d36.wac	1
1468.wac	n2extn01p01d37.wac	1
1469.wac	n2s02n01p01d01.wac	1
1470.wac	n2s02n01p01d02.wac	1
1471.wac	n2s02n01p01d03.wac	1
1472.wac	n2s02n01p01d04.wac	1
1473.wac	n2s02n01p01d05.wac	1
1474.wac	n2s02n01p01d06.wac	1
1475.wac	n2s02n01p01d07.wac	1
1476.wac	n2s02n01p01d08.wac	1
1477.wac	n2s02n01p01d09.wac	1
1478.wac	n2s02n01p01d10.wac	1
1479.wac	n2s02n01p01d11.wac	1
1480.wac	n2s02n01p01d12.wac	1
1481.wac	n2s02n01p01d13.wac	1
1482.wac	n2s03n01p01d01.wac	1
1483.wac	n2s03n01p01d02.wac	1
1484.wac	n2s03n01p01d03.wac	1
1485.wac	n2s03n01p01d04.wac	1
1486.wac	n2s03n01p01d05.wac	1
1487.wac	n2s03n01p01d06.wac	1
1488.wac	n2s03n01p01d07.wac	1
1489.wac	n2s03n01p01d08.wac	1
1490.wac	n2s03n01p01d09.wac	1
1491.wac	n2s03n01p01d10.wac	1
1492.wac	n2s03n01p01d11.wac	1
1494	n2s07n01p01a01	1
1495	n2s03n01p01a01	1
1496	n2extraanim_01	1
1497	n2extraanim_02	1
1498	n2s01n02_s00n02	1
1499	tr_as_ro_d	1
1500	tr_as_ro_g	1
1501	tr_as_ro_l	1
1502	tr_as_ro_n	1
1503	n2extranim_04	1
1504	n2extranim_03	1
1505	tr_ni2_ro_a	1
1506	tr_ni2_ro_b	1
1507	tr_as_ro_a	1
1508	tr_as_ro_a2	1
1509	nis02n01_s00n01	1
1511	nis01n01_s00n07	1
1522	nis05n01p01l01a02_1	1
1524	nis06n01_s05n01	1
1525	nis02n01p02a02	1
1526	nis02n01p02a04	1
1527	nis02n01p02a01	1
1528	nis04n02p01a01	1
1529	nis04n02p01l01a01	1
1530	nis04n02p02a01	1
1531	nis04n02p02l01a01	1
1533	nis04n02p01a02	1
1534	nis04n02p01l01a02	1
1535	nis04n02p02a02	1
1536	nis04n02p02l01a02	1
1537	tr_ni_rh_bshort	1
1538	niextraanim06	1
1539	tr_ni_as	1
1540	tr_as_ni_a	1
1541	tr_as_ni_b	1
1542	tr_ni_rh_cshort	1
1543	nis03n01p01a01	1
1544	nis03n01p01a02	1
1545	nis03n01p02a04	1
1546	nis03n01p02a01	1
1547	nis03n01p02a03	1
1548	nis02n01p02a03	1
1549	niextraanim01_02	2
1550	tr_rh_ni_b	1
1551	nis00n01_s00n03	1
1552	nis00n01_s04n01	1
1553	nis00n01_s02n01	1
1554	nis00n03_s00n04	1
1555	nis00n03_s00n01	1
1556	nis00n04_s00n06	1
1557	nis00n04_s00n03	1
1558	nis00n04_s00n05	1
1559	nis00n05_s00n04	1
1560	niextraanim02_03	1
1561	nis00n06_s00n07	1
1562	nis00n06_s00n04	1
1563	nis00n07_s01n01	1
1564	nis00n07_s00n06	1
1565	nis01n01_s01n02	1
1566	nis01n02_s01n01	1
1567	nis01n02_s06n01_var02	1
1568	nis01n02_s06n01	1
1569	niextraanim02_02	1
1570	niextraanim01_03	1
1571	nis04n01_s00n01	1
1572	niextraanim02_04	1
1573	niextraanim01_04	1
1574	nis04n02_s04n03	1
1575	nis04n03_s04n02	1
1576	nis04n04_s04n03	1
1577	nis04n05_s04n04	2
1579	nis05n01_s06n01	1
1580	nis06n01_s01n02	1
1581	nis04n03_s04n04	1
1582	nis05n01p03a01	1
1583.was	ni_bgr_main_hall.was	1
1584.was	ni_bgr_lift.was	1
1585.was	ni_bgr_command.was	1
1586.wav	ni_voda1.wav	1
1587.was	ni_mimes_forge_soft.was	1
1588.wav	ni_forging1_deep.wav	1
1589.wac	glug_2.wac	1
1590.wac	glug_1.wac	1
1591.wav	ni_glug_motor_start.wav	1
1592.was	ni_glug_motor_loop.was	1
1593.wav	ni_glug_motor_stop.wav	1
1594.wav	ni_hatch_open.wav	1
1595.wav	ni_hatch_close.wav	1
1596.was	ni_water_dripping.was	1
1597.wav	ni_underwater_loop.wav	1
1598.was	ni_breathing_slow.was	1
1599.wav	ni_steam_loop1.wav	1
1600.wav	ni_explosion_short.wav	1
1601.wav	ni_door_open1.wav	1
1602.wav	ni_door_open2.wav	1
1603.wav	ni_mosaic_up.wav	1
1604.wav	ni_mosaic_dn.wav	1
1605.wav	ni_holo_up.wav	1
1606.wav	ni_holo_dn.wav	1
1607.wac	alb_1.wac	1
1608.wac	alb_2.wac	1
1609.wac	alb_3.wac	1
1610.wac	alb_4.wac	1
1611.wac	alb_5.wac	1
1612.wac	alb_6.wac	1
1613.wac	alb_7.wac	1
1614.wac	alb_8.wac	1
1615.wac	alb_9.wac	1
1616.wav	ni_steam_blast1.wav	2
1617.wav	ni_keypress.wav	1
1618.wav	ni_grind1.wav	1
1619.wav	ni_rock_rotate_fast.wav	1
1620.wav	ni_valve_open.wav	1
1621.wav	ni_valve_close.wav	1
1622.wav	ni_furnace_open.wav	1
1623.wav	ni_furnace_close.wav	1
1624.wav	ni_furnace_open_2.wav	1
1625.wav	ni_furnace_close_1.wav	1
1626.wac	cin_rh1_01.wac	2
1627.wac	cin_rh1_02.wac	2
1628.wac	cin_rh1_03.wac	2
1629.wac	nis03n01di01_01.wac	1
1630.wac	nis03n01di01_01sp.wac	1
1631.wac	nis03n01di01_02.wac	1
1632.wac	nis03n01di01_03.wac	1
1633.wac	nis03n01di02_01.wac	1
1634.wac	nis03n01di02_02.wac	1
1635.wac	nis03n01di02_03.wac	1
1636.wac	nis03n01di02_04.wac	1
1637.wac	nis03n01di02_05.wac	1
1638.wac	nis03n01di03_01.wac	1
1639.wac	nis03n01di03_02.wac	1
1640.wac	nis03n01di04_01.wac	1
1641.wac	nis03n01di04_02.wac	1
1642.wac	nis03n01di05_01.wac	1
1643.wac	nis03n01di06a_01.wac	1
1644.wac	nis03n01di06a_02.wac	1
1645.wac	nis03n01di06b_01.wac	1
1646.wac	nis03n01di06b_02.wac	1
1647.wac	nis03n01di06c_01.wac	1
1648.wac	nis03n01di06c_02.wac	1
1649.wac	nis03n01di07_01.wac	1
1650.wac	nis02n01di08_01.wac	1
1651.wac	nis02n01di08_02.wac	1
1652.wac	nis02n01di08_03.wac	1
1653.wac	nis02n01di08_04.wac	1
1654.wac	nis02n01di08_05.wac	1
1655.wac	nis02n01di09_01.wac	1
1656.wac	nis02n01di09_02.wac	1
1657.wac	nis02n01di09_03.wac	1
1658.wac	nis02n01di09_04.wac	1
1659.wac	nis02n01di09_05.wac	1
1660.wac	nis02n01di09_06.wac	1
1661.wac	vov_ni1_01.wac	1
1662.wac	vov_ni1_02.wac	1
1663.wav	vov_ni1_03.wav	1
1664.wac	vov_ni1_04.wac	1
1665.wac	vov_ni1_05.wac	1
1666	tr_rh_ni_a	1
1667	rhs07n01p01a01	1
1668	rhs06n01_s07n01_var2	1
1669	rhs06n01_s07n01_var1	1
1670	rhs05n01_s05n03_var1	1
1671	rhs05n01_s05n03_var2	1
1672	rhs05n01_s05n02	1
1673	rhs05n01p01a01	1
1674	rhs04n01p01a02	1
1675	rhs04n01p01a01	1
1676	rhs03n01p01a01a	1
1677	rhs03n01_s03n02_var2	2
1678	rhs03n01_s03n02_var1	1
1679	rhs03n01p01a02	1
1680	rhs03n01p01a01	1
1681	rhs03n02_s03n03_var2	1
1682	rhs03n02_s03n03_var1	1
1683	rhs03n02p01a02	1
1684	rhs03n03p01a01	1
1685	rhs03n03_s03n04	1
1686	rhs03n03p01a03	1
1687	rhs03n03p01a02	2
1688	rhs02n01p02a03	1
1689	rhs02n01p02a01	1
1690	rhs02n01p02a02	1
1691	rhs02n01p02a04	1
1692	rhs02n01p02a05	1
1693	rhs02n01p01a02	1
1694	rhs02n01p01a01	1
1695	rhs01n01_s02n01	1
1696	rhe02	1
1697	tr_ni_rh_c	1
1698	rhs02n01p02a06	1
1699	rhs02n02a01	1
1700	rhs03n02p01a01	1
1701	rhs03n04a01	1
1702	rhs04n01_s04n02	1
1703	rhs04n02a01	1
1704	rhs05n02_s05n01	1
1705	rhs05n03a01	1
1706	tr_ni_rh_b	1
1707	rhs02n03_s03n01	2
1708	rhs00n01p01sa02_l0	1
1709	rhe01	5
1713	rhs00n02p01sa02_l0	1
1717	rhs00n03p01sa02_l0	1
1718	rhs00n03_s01n01	1
1722	rhs02n01_s02n02	1
1723	rhs02n01_s01n01	1
1724	rhs02n02_s02n03_var1	1
1725	rhs02n02_s02n03_var2	1
1726	rhs02n02_s02n01	1
1727	rhs02n03_s02n02_var1	1
1728	rhs02n03_s02n02_var2	1
1729	rhs03n04_s03n05_var1	1
1730	rhs03n04_s03n05_var2	1
1731	rhs03n04_s03n03	1
1732	rhs03n05_s03n04_var1	1
1733	rhs03n05_s03n04_var2	1
1734	rhs03n05_s04n01	1
1735	rhs04n02_s04n03_var1	1
1736	rhs04n02_s04n03_var2	1
1737	rhs04n03_s04n02_var1	1
1738	rhs04n03_s04n02_var2	1
1739	rhs04n03_s05n01	1
1740	rhs05n03_s05n01	1
1741	rhs05n03_s05n04	1
1742	rhs05n04_s05n03_var1	1
1743	rhs05n04_s05n03_var2	1
1744	rhs05n04_s06n01	1
1746.was	rh_bgr_river.was	1
1747.was	rh_bgr_temptations.was	1
1748.was	rh_bgr_mountain.was	1
1749.was	rh_bgr_desire.was	1
1750.was	rh_bgr_trust.was	1
1751.was	rh_bgr_generosity.was	1
1752.was	rh_bgr_sacrifice.was	1
1753.was	rh_bgr_gold.was	1
1754.wac	rh_water_dripping.wac	1
1755.wav	rh_door_unlock.wav	1
1756.was	rh_breathing.was	1
1757.wav	rh_breathe.wav	1
1758.wac	rh_grind1.wac	1
1759.wac	rhs00n01p01di01.wac	1
1760.wac	rhs00n01p01di02.wac	1
1761.wac	rhs00n01p01di03.wac	1
1762.wac	rhs00n02p01di01.wac	1
1763.wac	rhs00n02p01di02.wac	1
1764.wac	rhs00n02p01di03.wac	1
1765.wac	rhs00n03p01di01.wac	1
1766.wac	rhs00n03p01di02.wac	1
1767.wac	rhs00n03p01di03.wac	1
1768.wac	rhs02n01p02di01.wac	1
1769.wac	rhs02n02p01di01.wac	1
1770.wac	rhs03n01p01di01.wac	1
1771.wac	rhs03n02p01di01.wac	1
1772.wac	rhs03n03p01di01.wac	1
1773.wac	rhs03n04p01di01.wac	1
1774.wac	rhs04n01p01di01.wac	1
1775.wac	rhs04n02p01di01.wac	1
1776.wac	rhs05n01p01di01.wac	1
1777.wac	rhs05n01p01di02.wac	1
1778.wac	rhs05n01p01di03.wac	1
1779.wac	rhs05n03p01di01.wac	1
1780	ros00n01p01a01	1
1781	ros00n01p01s02	1
1782	ros00n01p01s01	1
1783	ros00n01p01a02b	1
1784	ros00n01p01a02a	1
1785	ros00n06p01s10a	1
1786	ros00n06p01a01	1
1787	ros00n06p01s10	1
1788	ros00n01p01a03	1
1789	ros00n01_s00n02_var1	1
1790	ros00n02_s00n05	1
1791	ros00n02_s00n04	1
1792	ros00n02_s00n01_var1	1
1793	ros00n02_s00n03_var1	1
1794	ros00n03_s00n02_var1	1
1795	ros00n04_s00n02_var1	1
1796	ros00n05_s00n06_var2	2
1797	ros00n05_s00n02_var1	1
1798	ros00n06_s00n05	1
1799.was	ro_egg_active.was	1
1800.was	ro_musical_hint.was	1
1802.wav	ro_eggbeat.wav	1
1803.wav	ro_piano.wav	1
1804.wav	ro_tiles.wav	1
1805.wav	ro_klav_1.wav	2
1806.wav	ro_klav_2.wav	2
1807.wav	ro_klav_3.wav	2
1808.wav	ro_klav_4.wav	2
1809.wav	ro_klav_5.wav	2
1810.wav	ro_klav_6.wav	2
1811.wav	ro_klav_7.wav	2
1812.wav	ro_klav_8.wav	1
1813.wav	ro_rokaup.wav	1
1814.wav	ro_rokadn.wav	1
1815.wav	ro_kristal_rotate.wav	1
1816.was	ro_naturetheme.was	1
1817.wav	ro_kristal.wav	1
1818.wav	ro_kristal7.wav	1
1819.wav	ro_kristal6.wav	1
1820.wav	ro_kristal5.wav	1
1821.wav	ro_kristal4.wav	1
1822.wav	ro_kristal3.wav	1
1823.wav	ro_kristal2.wav	1
1824.wav	ro_kristal1.wav	1
1825.wav	ro_kristalr7.wav	1
1826.wav	ro_kristalr6.wav	1
1827.wav	ro_kristalr5.wav	1
1828.wav	ro_kristalr4.wav	1
1829.wav	ro_kristalr3.wav	1
1830.wav	ro_kristalr2.wav	1
1831.wav	ro_kristalr1.wav	1
1832.wac	cin_ro1_01.01.wac	1
1833.wac	cin_ro1_01.02.wac	1
1834.wac	cin_ro1_02.01.wac	1
1835.wac	cin_ro1_02.02.wac	1
1836.wac	cin_ro1_02.03.wac	1
1837.wac	cin_ro1_02.04.wac	1
1838.wac	cin_ro1_02.05.wac	1
1839.wac	cin_ro1_02.06.wac	1
1840.wac	ros00n01p01c01.01.wac	1
1841.wac	ros00n01p01c01.02.wac	1
1842.wac	ros00n01p01c01.03.wac	1
1843.wac	ros00n01p01c01.04.wac	1
1844.wac	sp_con02.wac	1
1849	was01n08p01a01	1
1850	was01n08_s06n01_var2	1
1851	was05n02a01	1
1852	was03n04a01	1
1853	was03n04a02	1
1854	was03n03p01a01	1
1855	was02n02p01a01	1
1856	was02n02p01a03	1
1857	was02n02p01a04	1
1858	was02n02p01a05	2
1859	was02n02p01a02	1
1860	was06n02p01a01	1
1861	was06n02_s06n03	1
1862	tr_wa_a01	1
1863	tr_wa_a01_2	1
1864	tr_wa_a01_3	1
1865	was04n02p01a02	1
1866	was04n02p01a03	1
1867	was04n02p02a01	1
1868	was03n04_s03n02_var1	1
1869	was03n04_s03n02_var4	1
1870	was03n04_s03n02_var3	1
1871	was03n04_s03n02_var2	1
1872	was01n08_s06n01_var1	1
1873	tr_wa_a07_2	1
1874	tr_wa_a07_3	1
1875	tr_wa_a07	1
1876	tr_wa_a10_2	1
1877	tr_wa_a10_3	1
1878	tr_wa_a10	1
1879	tr_wa_l	1
1880	tr_as_wa_a	1
1881	tr_as_wa_b	1
1883	was00n01_s01n01	2
1884	was01n01_s01n02	1
1885	was01n01_s00n01	1
1886	was01n02_s01n03	1
1887	was01n02_s01n01	1
1888	was01n02_s02n01	1
1889	was01n03_s01n04	1
1890	was01n03_s01n02	1
1891	was01n03_s07n01	1
1892	was01n04_s01n05	1
1893	was01n04_s01n03	1
1894	was01n04_s03n01	1
1895	was01n05_s01n06	1
1896	was01n05_s01n04	1
1897	was01n05_s04n01	1
1898	was01n06_s01n07	1
1899	was01n06_s01n05	1
1900	was01n06_s05n01	1
1901	was01n07_s01n08	1
1902	was01n07_s01n06	1
1904	was01n08_s01n07	1
1905	was02n01_s01n02	1
1906	was02n01_s02n02	1
1907	was02n02_s02n01	1
1908	was03n01_s01n04_var1	1
1909	was03n01_s03n02_var1	1
1910	was03n01_s01n04_var2	1
1911	was03n01_s03n02_var2	1
1912	was03n02_s03n01_var1	1
1913	was03n02_s03n03_var1	1
1914	was03n02_s03n04_var1	1
1915	was03n02_s03n01_var2	1
1916	was03n02_s03n03_var2	1
1917	was03n02_s03n04_var2	1
1918	was03n03_s03n02_var1	1
1919	was03n03_s03n02_var2	1
1920	was04n01_s01n05	1
1921	was04n01_s04n02_var1	1
1922	was04n01_s04n02_var2	1
1923	was04n02_s04n01	1
1924	was04n02p01a01	1
1925	was05n01_s01n06	1
1926	was05n01_s05n02	1
1927	was05n02_s05n01	1
1928	was06n01_s01n08	1
1929	was06n01_s06n02	2
1930	was06n02_s06n01	1
1931	was07n01_s01n03	1
1932.wav	wa_body_shifts.wav	1
1933.wac	was01n08di01.wac	1
1934.wac	was01n08di03.wac	1
1935.wac	was01n08di05.wac	1
1938.was	wa_bgr_mus_poletje.was	1
1939.was	wa_bgr_mus_zima.was	1
1940.was	wa_bgr_mus_pomlad.was	1
1941.was	wa_bgr_mus_jesen.was	1
1942.wav	wa_low_ambience.wav	1
1943.was	wa_fight.was	1
1944.was	wa_wotan_vs_brunhilda.was	1
1945.was	wa_bgrfx_air_room.was	1
1946.was	wa_bgrfx_earth_room.was	1
1947.was	wa_bgrfx_fire_room.was	1
1948.was	wa_bgrfx_water_room.was	1
1949.was	wa_turnmagnets.was	1
1950.wac	cin_wa1_01.wac	1
1951.wac	cin_wa1_02.wac	1
1952.wac	cin_wa1_03.wac	1
1953.wac	was07n01di01.wac	1
1954.wac	was07n01di02.wac	1
1955.wac	was07n01di03.wac	1
1956.wac	was07n01di04.wac	1
1957.wac	was07n01di05.wac	1
1958.wac	was07n01di06.wac	1
1959.wac	was07n01di07.wac	1
1960.wac	was07n01di08.wac	1
1961.wac	was01n08di02.wac	1
1962.wac	was01n08di04.wac	1
1963.wac	vov_as5_01.wac	1
1964.wac	vov_as5_02.wac	1
1965.wac	vov_as5_03.wac	1
1966.wac	vov_as5_04.wac	1
1967.wac	vov_as5_05.wac	1
1968.wac	vov_as5_06.wac	1
1969.wac	vov_as5_07.wac	1
1970.wac	vov_as5_08.wac	1
1971.wac	vov_as5_09.wac	1
1972.wac	vov_as5_10.wac	1
1973.wac	vov_as5_11.wac	1
acin::decompress -> error reading frame header	acinemacompression::skipframe -> error reading frame header	1
asp01l01.bma	ass01n01p01l01.bma	1
asp01l02.bma	ass01n01p01l02.bma	1
asp02l01.bma	ass01n01p02l01.bma	1
asp03l01.bma	ass01n01p03l01.bma	1
asp04l01.bma	ass01n01p04l01.bma	1
asp05l01.bma	ass01n01p05l01.bma	1
asv01.bma	ass01n01_v01.bma	1
asv02.bma	ass01n01_v02.bma	1
asv03.bma	ass01n01_v03.bma	1
asv04.bma	ass01n01_v04.bma	1
down_gua.tga	lardown_gua.tga	1
down_gun.tga	lardown_gun.tga	1
down_gur.tga	lardown_gur.tga	1
fom	fos00n05_s00n06_var1	1
load_gua.tga	larload_gua.tga	1
load_gun.tga	larload_gun.tga	1
n2_%d%c	n2extn01p01a0%d%c	1
n2_%da	n2extn01p01a0%da	2
rh_%d	rhs00n0%dp01sa04	1
rh_%d_l0	rhs00n0%dp01sa03_l0	1
ro0102	ros00n01_s00n02_var2	1
ro0201	ros00n02_s00n01_var2	1
ro0203	ros00n02_s00n03_var2	1
ro0302	ros00n03_s00n02_var2	1
ro0402	ros00n04_s00n02_var2	1
ro0502	ros00n05_s00n02_var2	1
up_gua.tga	larup_gua.tga	1
up_gun.tga	larup_gun.tga	1
up_gur.tga	larup_gur.tga	1
