slot	dll	how	address	process_export	name	int_name
0x0049005c	KERNEL32.dll	stub	0x040c0d97	?	?	
0x00490060	KERNEL32.dll	stub	0x040c10e2	?	?	
0x00490064	KERNEL32.dll	stub	0x040c142d	?	?	
0x00490068	KERNEL32.dll	stub	0x75ab8600	?	?	
0x0049006c	KERNEL32.dll	stub	0x040c1ac3	?	?	
0x00490070	KERNEL32.dll	stub	0x040c1e0e	?	?	
0x00490074	KERNEL32.dll	stub	0x040c2159	?	?	
0x00490078	KERNEL32.dll	stub	0x040c24a4	?	?	
0x0049007c	KERNEL32.dll	stub	0x040c27ef	?	?	
0x00490080	KERNEL32.dll	stub	0x040c2b3a	?	?	
0x00490084	KERNEL32.dll	stub	0x040c2e85	?	?	
0x00490088	KERNEL32.dll	stub	0x040c31d0	?	?	
0x0049008c	KERNEL32.dll	stub	0x040c351b	?	?	
0x00490090	KERNEL32.dll	stub	0x040c3866	?	?	
0x00490094	KERNEL32.dll	stub	0x040c3bb1	?	?	
0x00490098	KERNEL32.dll	stub	0x040c3efc	?	?	
0x0049009c	KERNEL32.dll	stub	0x040c4247	?	?	
0x004900a0	KERNEL32.dll	stub	0x040c4592	?	?	
0x004900a4	KERNEL32.dll	stub	0x040c48dd	?	?	
0x004900a8	KERNEL32.dll	stub	0x040c4c28	?	?	
0x004900ac	KERNEL32.dll	stub	0x040c4f73	?	?	
0x004900b0	KERNEL32.dll	stub	0x040c52be	?	?	
0x004900b4	KERNEL32.dll	stub	0x040c5609	?	?	
0x004900b8	KERNEL32.dll	stub	0x040c5954	?	?	
0x004900bc	KERNEL32.dll	stub	0x75abda50	?	?	
0x004900c0	KERNEL32.dll	stub	0x040c5fea	?	?	
0x004900c4	KERNEL32.dll	stub	0x75ad11c0	?	?	
0x004900c8	KERNEL32.dll	stub	0x040c6680	?	?	
0x004900cc	KERNEL32.dll	stub	0x040c69cb	?	?	
0x004900d0	KERNEL32.dll	stub	0x040c6d16	?	?	
0x004900d4	KERNEL32.dll	stub	0x040c7061	?	?	
0x004900d8	KERNEL32.dll	stub	0x040c73ac	?	?	
0x004900dc	KERNEL32.dll	stub	0x040c76f7	?	?	
0x004900e0	KERNEL32.dll	stub	0x040c7a42	?	?	
0x004900e4	KERNEL32.dll	stub	0x040c7d8d	?	?	
0x004900e8	KERNEL32.dll	stub	0x75abec80	?	?	
0x004900ec	KERNEL32.dll	stub	0x040c8423	?	?	
0x004900f0	KERNEL32.dll	stub	0x040c876e	?	?	
0x004900f4	KERNEL32.dll	stub	0x040c8ab9	?	?	
0x004900f8	KERNEL32.dll	stub	0x040c8e04	?	?	
0x004900fc	KERNEL32.dll	stub	0x040c914f	?	?	
0x00490100	KERNEL32.dll	stub	0x040c949a	?	?	
0x00490104	KERNEL32.dll	stub	0x040c97e5	?	?	
0x00490108	KERNEL32.dll	stub	0x040c9b30	?	?	
0x0049010c	KERNEL32.dll	stub	0x040c9e7b	?	?	
0x00490110	KERNEL32.dll	stub	0x040ca1c6	?	?	
0x00490114	KERNEL32.dll	stub	0x040ca511	?	?	
0x00490118	KERNEL32.dll	stub	0x040ca85c	?	?	
0x0049011c	KERNEL32.dll	stub	0x040caba7	?	?	
0x00490120	KERNEL32.dll	stub	0x040caef2	?	?	
0x00490124	KERNEL32.dll	stub	0x040cb23d	?	?	
0x00490128	KERNEL32.dll	stub	0x040cb588	?	?	
0x0049012c	KERNEL32.dll	stub	0x040cb8d3	?	?	
0x00490130	KERNEL32.dll	stub	0x040cbc1e	?	?	
0x00490134	KERNEL32.dll	stub	0x040cbf69	?	?	
0x00490138	KERNEL32.dll	stub	0x040cc2b4	?	?	
0x0049013c	KERNEL32.dll	stub	0x040cc5ff	?	?	
0x00490140	KERNEL32.dll	stub	0x040cc94a	?	?	
0x00490144	KERNEL32.dll	stub	0x040ccc95	?	?	
0x00490148	KERNEL32.dll	stub	0x040ccfe0	?	?	
0x0049014c	KERNEL32.dll	direct	0x77343460	ntdll.dll!RtlLeaveCriticalSection	?	
0x00490150	KERNEL32.dll	direct	0x773443e0	ntdll.dll!RtlEnterCriticalSection	?	
0x00490154	KERNEL32.dll	stub	0x040cd9c1	?	?	
0x00490158	KERNEL32.dll	stub	0x040cdd0c	?	?	
0x0049015c	KERNEL32.dll	stub	0x75ab41f0	?	?	
0x00490160	KERNEL32.dll	stub	0x040ce3a2	?	?	
0x00490164	KERNEL32.dll	stub	0x040ce6ed	?	?	
0x00490168	KERNEL32.dll	stub	0x040cea38	?	?	
0x0049016c	KERNEL32.dll	stub	0x040ced83	?	?	
0x00490170	KERNEL32.dll	stub	0x040cf0ce	?	?	
0x00490174	KERNEL32.dll	stub	0x040cf419	?	?	
0x00490178	KERNEL32.dll	stub	0x040cf764	?	?	
0x0049017c	KERNEL32.dll	stub	0x040cfaaf	?	?	
0x00490180	KERNEL32.dll	stub	0x040cfdfa	?	?	
0x00490184	KERNEL32.dll	stub	0x040d0145	?	?	
0x00490188	KERNEL32.dll	stub	0x040d0490	?	?	
0x0049018c	KERNEL32.dll	stub	0x040d07db	?	?	
0x00490190	KERNEL32.dll	stub	0x040d0b26	?	?	
0x00490194	KERNEL32.dll	stub	0x040d0e71	?	?	
0x00490198	KERNEL32.dll	stub	0x040d11bc	?	?	
0x0049019c	KERNEL32.dll	stub	0x040d1507	?	?	
0x004901a0	KERNEL32.dll	stub	0x75abb210	?	?	
0x004901a4	KERNEL32.dll	stub	0x040d1b9d	?	?	
0x004901a8	KERNEL32.dll	stub	0x040d1ee8	?	?	
0x004901ac	KERNEL32.dll	stub	0x040d2233	?	?	
0x004901b0	KERNEL32.dll	stub	0x040d257e	?	?	
0x004901b4	KERNEL32.dll	stub	0x040d28c9	?	?	
0x004901b8	KERNEL32.dll	stub	0x040d2c14	?	?	
0x004901bc	KERNEL32.dll	stub	0x040d2f5f	?	?	
0x004901c0	KERNEL32.dll	stub	0x040d32aa	?	?	
0x004901c4	KERNEL32.dll	stub	0x040d35f5	?	?	
0x004901cc	USER32.dll	stub	0x040d8707	?	?	
0x004901d0	USER32.dll	direct	0x75c8ea00	user32.dll!PtInRect	PtInRect	
0x004901d4	USER32.dll	stub	0x040d8d9d	?	?	
0x004901d8	USER32.dll	stub	0x040d90e8	?	?	
0x004901dc	USER32.dll	stub	0x040d9433	?	?	
0x004901e0	USER32.dll	direct	0x75c981f0	user32.dll!SetRect	SetRect	
0x004901e4	USER32.dll	stub	0x040d9ac9	?	?	
0x004901e8	USER32.dll	stub	0x040d9e14	?	?	
0x004901ec	USER32.dll	stub	0x040da15f	?	?	
0x004901f0	USER32.dll	stub	0x040da4aa	?	?	
0x004901f4	USER32.dll	stub	0x040da7f5	?	?	
0x004901f8	USER32.dll	stub	0x040dab40	?	?	
0x004901fc	USER32.dll	stub	0x040dae8b	?	?	
0x00490200	USER32.dll	stub	0x040db1d6	?	?	
0x00490204	USER32.dll	stub	0x040db521	?	?	
0x00490208	USER32.dll	direct	0x75c87cf0	user32.dll!GetClientRect	GetClientRect	
0x0049020c	USER32.dll	stub	0x040dbbb7	?	?	
0x00490210	USER32.dll	stub	0x040dbf02	?	?	
0x00490214	USER32.dll	stub	0x040dc24d	?	?	
0x00490218	USER32.dll	stub	0x040dc598	?	?	
0x0049021c	USER32.dll	stub	0x040dc8e3	?	?	
0x00490220	USER32.dll	stub	0x040dcc2e	?	?	
0x00490224	USER32.dll	direct	0x75c98e50	user32.dll!GetCursorPos	GetCursorPos	
0x00490228	USER32.dll	stub	0x040dd2c4	?	?	
0x0049022c	USER32.dll	stub	0x040dd60f	?	?	
0x00490230	USER32.dll	stub	0x040dd95a	?	?	
0x00490234	USER32.dll	stub	0x040ddca5	?	?	
0x00490238	USER32.dll	stub	0x040ddff0	?	?	
0x0049023c	USER32.dll	stub	0x040de33b	?	?	
0x00490240	USER32.dll	stub	0x040de686	?	?	
0x00490244	USER32.dll	stub	0x040de9d1	?	?	
0x00490248	USER32.dll	stub	0x040ded1c	?	?	
0x0049024c	USER32.dll	stub	0x040df067	?	?	
0x00490250	USER32.dll	stub	0x040df3b2	?	?	
0x00490254	USER32.dll	stub	0x040df6fd	?	?	
0x00490258	USER32.dll	stub	0x040dfa48	?	?	
0x0049025c	USER32.dll	stub	0x040dfd93	?	?	
0x00490260	USER32.dll	stub	0x040e00de	?	?	
0x00490020	GDI32.dll	stub	0x040e0d87	?	?	
0x00490024	GDI32.dll	stub	0x040e10d2	?	?	
0x00490028	GDI32.dll	stub	0x040e141d	?	?	
0x0049002c	GDI32.dll	stub	0x040e1768	?	?	
0x00490030	GDI32.dll	stub	0x040e1ab3	?	?	
0x00490034	GDI32.dll	stub	0x040e1dfe	?	?	
0x00490038	GDI32.dll	stub	0x040e2149	?	?	
0x0049003c	GDI32.dll	stub	0x040e2494	?	?	
0x00490040	GDI32.dll	stub	0x040e27df	?	?	
0x00490044	GDI32.dll	stub	0x040e2b2a	?	?	
0x00490048	GDI32.dll	stub	0x040e2e75	?	?	
0x0049004c	GDI32.dll	stub	0x040e31c0	?	?	
0x00490050	GDI32.dll	stub	0x040e350b	?	?	
0x00490054	GDI32.dll	stub	0x040e3856	?	?	
0x00490000	ADVAPI32.dll	stub	0x040e3bef	?	?	
0x00490004	ADVAPI32.dll	stub	0x040e3f3a	?	?	
0x00490008	ADVAPI32.dll	stub	0x040e4285	?	?	
0x00490280	ole32.dll	direct	0x76c3f7b0	combase.dll!CoFreeUnusedLibraries	CoFreeUnusedLibraries	CoFreeUnusedLibraries
0x00490284	ole32.dll	direct	0x76bed4b0	combase.dll!CoUninitialize	CoUninitialize	CoUninitialize
0x00490288	ole32.dll	direct	0x76bd2200	combase.dll!CoCreateInstance	CoCreateInstance	CoCreateInstance
0x0049028c	ole32.dll	direct	0x76bbc850	combase.dll!CoTaskMemAlloc	CoTaskMemAlloc	CoTaskMemAlloc
0x00490290	ole32.dll	direct	0x76bb95a0	combase.dll!CoTaskMemFree	CoTaskMemFree	CoTaskMemFree
0x00490294	ole32.dll	direct	0x74ffc350	ole32.dll!CoInitialize	CoInitialize	CoInitialize
0x00490010	DDRAW.dll	direct	0x6d72fa70	ddraw.dll!DirectDrawCreateEx	DirectDrawCreateEx	DirectDrawCreateEx
0x00490018	DSOUND.dll	direct	0x6db7cea0	dsound.dll!DirectSoundCreate	DirectSoundCreate	
0x00490268	WINMM.dll	direct	0x73d08c30	winmm.dll!timeEndPeriod	timeEndPeriod	timeEndPeriod
0x0049026c	WINMM.dll	direct	0x73d07860	winmm.dll!timeGetTime	timeGetTime	timeGetTime
0x00490270	WINMM.dll	direct	0x73d08c10	winmm.dll!timeBeginPeriod	timeBeginPeriod	timeBeginPeriod
0x00490274	WINMM.dll	direct	0x73d07780	winmm.dll!timeKillEvent	timeKillEvent	timeKillEvent
0x00490278	WINMM.dll	direct	0x73d07450	winmm.dll!timeSetEvent	timeSetEvent	timeSetEvent
