address	name	size	callers	callees	apis	strings
10001010	FUN_10001010	20	1	1000afa4		
10001030	FUN_10001030	30	0	10007415,1000b0ee		
10001070	FUN_10001070	10	0	10001010		
10001080	FUN_10001080	12	0	10001b08		
100010b0	MPOpenStream	380	0		CoCreateInstance,MultiByteToWideChar	
10001230	MPCloseStream	85	0			
10001290	MPRenderFrame	37	0			
100012c0	FUN_100012c0	201	1	10006982,10007420,10007429,1000baf5,1000bb0b,1000bbfa,1000be2c,1000bee6,1000c99f		
100013b8	FUN_100013b8	20	7	1000690e		
100013cc	FUN_100013cc	13	1	10007415		
100013d9	FUN_100013d9	28	0	100013f5,10007415		
100013f5	FUN_100013f5	72	1	10002110,10006529,10007647		¸8ó
1000143d	FUN_1000143d	42	1	10007a4c		
10001467	FUN_10001467	28	0	10001483,10007415		
10001483	FUN_10001483	7	1			
1000148a	FUN_1000148a	42	1	10007a4c		
100014b4	FUN_100014b4	28	0	100014d0,10007415		
100014d0	FUN_100014d0	7	1			
100014d7	FUN_100014d7	28	0	100014f3,10007415		
100014f3	FUN_100014f3	41	1	10002110,1000ab85		¸`õ
1000155c	FUN_1000155c	37	0		ExtTextOutA	
10001581	FUN_10001581	56	0		TabbedTextOutA	
100015d5	FUN_100015d5	48	0		GrayStringA	
10001621	FUN_10001621	42	1	10007a4c		
1000164b	FUN_1000164b	28	0	10001667,10007415		
10001667	FUN_10001667	7	1			
1000166e	FUN_1000166e	42	1	10007a4c		
10001698	FUN_10001698	28	0	100016b4,10007415		
100016b4	FUN_100016b4	7	1			
100016bb	FUN_100016bb	216	3		GetModuleHandleA,GetProcAddress	USER32|GetSystemMetrics|MonitorFromWindow|MonitorFromRect|MonitorFromPoint|EnumDisplayMonitors|GetMonitorInfoA
10001793	FUN_10001793	86	1	100016bb	GetSystemMetrics	
100017e9	xMonitorFromWindow	107	1	100016bb,10001793	GetWindowPlacement,GetWindowRect,IsIconic	
10001854	FUN_10001854	147	1	100016bb	GetSystemMetrics,SystemParametersInfoA,lstrcpyA	DISPLAY
100018e7	CWnd::GetOwner	23	1	100080cc	GetParent	
10001919	FUN_10001919	13	1	100071a2,1000be2c		
10001926	FUN_10001926	40	8		InitializeCriticalSection	
1000194e	FUN_1000194e	20	0	10001962	DeleteCriticalSection	
10001962	FUN_10001962	40	1	10006460	EnterCriticalSection,LeaveCriticalSection	
1000198a	FUN_1000198a	121	1	10002110,10006440	EnterCriticalSection,LeaveCriticalSection	¸ ø
10001a03	Catch@10001a03	22	0	10002458	LeaveCriticalSection	
10001a19	FUN_10001a19	44	6		EnterCriticalSection,LeaveCriticalSection	
10001a45	FUN_10001a45	28	0	10001a61,10007415		
10001a61	FUN_10001a61	41	1	10002110,1000a44a		¸Hù
10001a8a	FUN_10001a8a	126	1	1000224c,10002255,10002492,10003115		
10001b08	FUN_10001b08	18	23	10001a8a		
10001b49	FUN_10001b49	217	1	1000215a,10002198,1000324d,100032a1,10003339,100033d9,10003595,100035e9,100036a2,100038ef,10003a21,10003a5d	GetCommandLineA,GetVersion	
10001c22	entry	157	0	100012c0,10001b49		
10001cbf	__amsg_exit	48	5	10002187,10003ad2,10003b0b		
10001cf2	FUN_10001cf2	41	1	10002278,10003cf3,10003d54		
10001d1b	FUN_10001d1b	28	0	10001cf2,10007415		
10001d37	FUN_10001d37	45	1			
10001d6b	FUN_10001d6b	7	2			
10001d72	FUN_10001d72	7	1			
10001d79	FUN_10001d79	79	2		RtlUnwind	
10001dc8	FUN_10001dc8	54	0	10003df4		
10001dfe	FUN_10001dfe	84	1	10004610		
10001e52	FUN_10001e52	37	0	10003df4		
10001e77	FUN_10001e77	182	1	100032d2		
10001f2d	FUN_10001f2d	114	0	10001d79,10003df4		
10001fa2	FUN_10001fa2	123	2	100046bd		
10002020	__global_unwind2	32	0		RtlUnwind	
10002062	__local_unwind2	104	1	100020f6		
100020ca	__abnormal_termination	35	1			
100020ed	__NLG_Notify1	9	1			
100020f6	FUN_100020f6	24	1			
10002110	FUN_10002110	31	35			
1000212f	FUN_1000212f	43	2	100023cc,10004720,10004810		
1000215a	FUN_1000215a	45	1	1000225e		
10002187	__exit	17	3	100021a7		
10002198	FUN_10002198	15	1	100021a7		
100021a7	FUN_100021a7	163	2	1000224c,10002255,1000225e	ExitProcess,GetCurrentProcess,TerminateProcess	
1000224c	FUN_1000224c	9	2	10003cf3		
10002255	FUN_10002255	9	2	10003d54		
1000225e	FUN_1000225e	26	2			
10002278	FUN_10002278	72	12	10003cf3,10003d54,100048c9,100048f4	HeapFree	
100022c0	_memset	88	10			
10002320	_memcmp	172	1			
100023cc	_malloc	18	9	100023de		
100023de	__nh_malloc	44	1	1000240a,10005538		
1000240a	FUN_1000240a	78	1	10003cf3,10003d54,10004c1f	HeapAlloc	
10002458	__CxxThrowException@8	58	5		RaiseException	
10002492	FUN_10002492	69	2	10003cf3,10003d54,100048c9	HeapSize	
100024d7	FUN_100024d7	151	1	10003cf3,10003d54,100055d0		
1000256e	FUN_1000256e	114	1	10003cf3,10003d54,10005690		
100025e0	FUN_100025e0	23	1			
100025f7	FUN_100025f7	119	0	10003cf3,10003d54,100048c9,100050d4	HeapReAlloc	
10002670	FUN_10002670	47	2			
1000269f	FUN_1000269f	429	1	1000284c,10002896,100028c9,100028f2,10003cf3,10003d54	GetCPInfo	Á£Ú£ 
1000284c	FUN_1000284c	74	1			
10002896	FUN_10002896	51	1			
100028c9	FUN_100028c9	41	1			
100028f2	FUN_100028f2	389	1	10005764,100059b3	GetCPInfo	
10002a77	FUN_10002a77	28	2	1000269f		
10002aa0	FUN_10002aa0	664	5			
10002de0	FUN_10002de0	664	2			
10003115	FUN_10003115	312	1	10002278,100023cc,10002aa0,10003cf3,10003d54,100048c9,100048f4,10004c1f,100050d4,10005538	HeapAlloc,HeapReAlloc	
1000324d	FUN_1000324d	84	1	100032bf,10003c5e,100053ca	GetCurrentThreadId,TlsAlloc,TlsSetValue	ÿÿÿÿ
100032a1	FUN_100032a1	30	1	10003c87	TlsFree	ÿÿÿÿ
100032bf	FUN_100032bf	19	2			
100032d2	FUN_100032d2	103	7	10001cbf,100032bf,100053ca	GetCurrentThreadId,GetLastError,SetLastError,TlsGetValue,TlsSetValue	ÿÿÿÿ
10003339	FUN_10003339	160	1	10002278	TlsGetValue,TlsSetValue	ÿÿÿÿ
100033d9	FUN_100033d9	444	1	10001cbf,100023cc	GetFileType,GetStartupInfoA,GetStdHandle,SetHandleCount	
10003595	FUN_10003595	84	1	10002278	DeleteCriticalSection	
100035e9	FUN_100035e9	185	1	10001cbf,10002278,100023cc,10002a77,10004720,10004810		
100036a2	FUN_100036a2	153	1	10001cbf,100023cc,10002a77,1000373b	GetModuleFileNameA	
1000373b	FUN_1000373b	436	1			
100038ef	FUN_100038ef	306	1	10002278,100023cc,10002aa0	FreeEnvironmentStringsA,FreeEnvironmentStringsW,GetEnvironmentStrings,GetEnvironmentStringsW,WideCharToMultiByte	
10003a21	FUN_10003a21	60	1	1000488b	HeapCreate,HeapDestroy	
10003a5d	FUN_10003a5d	117	1		HeapDestroy,HeapFree,VirtualFree	
10003ad2	FUN_10003ad2	57	1	10003b0b		
10003b0b	FUN_10003b0b	339	3	10004720,10004730,10004810,10005c40,10005cd0	GetModuleFileNameA,GetStdHandle,WriteFile	<program name unknown>|...|Runtime Error!\n\nProgram: |R6009\r\n- not enough space for environment\r\n|Microsoft Visual C++ Runtime Library
10003c5e	FUN_10003c5e	41	1		InitializeCriticalSection	
10003c87	FUN_10003c87	108	1	10002278	DeleteCriticalSection	
10003cf3	FUN_10003cf3	97	15	10001cbf,10002278,100023cc,10003cf3,10003d54	EnterCriticalSection,InitializeCriticalSection	
10003d54	FUN_10003d54	21	15		LeaveCriticalSection	
10003d70	_strcmp	129	1			
10003df4	FUN_10003df4	155	3	10003e8f,10004149,100046bd		
10003e8f	FUN_10003e8f	435	1	10001fa2,100032d2,10004042,100040ec,100041fd,10004581,1000465c,100046bd,10005dce		
10004042	FUN_10004042	170	1	10001e77,10001fa2,100032d2,100041fd		
100040ec	FUN_100040ec	93	1	10003d70		
10004149	FUN_10004149	132	2	10004610,100046bd		ÿÿÿÿ°A
100041e7	FUN_100041e7	22	0	1000465c		
100041fd	FUN_100041fd	123	2	10001d37,10001d79,10004149,10004278,100043bd		
10004278	FUN_10004278	165	1	10001dfe,100032d2,10004345		ÿÿÿÿ
10004345	FUN_10004345	78	1	100020ca,100032d2,10004581		
10004393	FUN_10004393	42	0			
100043bd	FUN_100043bd	440	1	10001d6b,10001d72,10002de0,100045e8,100046bd,10005dce,10005dea,10005e06		ÿÿÿÿuE
10004581	FUN_10004581	86	2	10001d6b		ÿÿÿÿ×E
100045e8	FUN_100045e8	35	1			
10004610	__CallSettingFrame@12	76	2	100020ed		
1000465c	FUN_1000465c	86	4	100032d2,10005e1e		ÿÿÿÿ
100046bd	FUN_100046bd	79	5	1000465c		ÿÿÿÿ
10004720	FUN_10004720	7	3			
10004730	FUN_10004730	224	1			
10004810	_strlen	123	3			
1000488b	FUN_1000488b	62	1		HeapAlloc	
100048c9	FUN_100048c9	43	4			
100048f4	FUN_100048f4	811	2	10002de0	HeapFree,VirtualFree	
10004c1f	FUN_10004c1f	777	3	10004f28,10004fd9		
10004f28	FUN_10004f28	177	1		HeapAlloc,HeapFree,HeapReAlloc,VirtualAlloc	
10004fd9	FUN_10004fd9	251	1		VirtualAlloc	
100050d4	FUN_100050d4	758	2			
100053ca	FUN_100053ca	141	2	100022c0,10003cf3,10003d54,10004c1f,10005538	HeapAlloc	
1000551d	FUN_1000551d	27	0	10002062		
10005538	FUN_10005538	27	3			
10005553	FUN_10005553	70	0	1000465c,10005e06		
100055d0	_strchr	193	1			
10005690	_strrchr	39	1			
100056b7	FUN_100056b7	117	1	100059b3		
10005764	FUN_10005764	511	2	10002670,10005988	LCMapStringA,LCMapStringW,MultiByteToWideChar,WideCharToMultiByte	ÿÿÿÿtX
10005988	FUN_10005988	43	1			
100059b3	FUN_100059b3	318	2	100022c0,10002670	GetStringTypeA,GetStringTypeW,MultiByteToWideChar	ÿÿÿÿ¬Z
10005b00	FUN_10005b00	58	0			
10005b40	__strrev	48	0			
10005b70	FUN_10005b70	208	0	10003cf3,10003d54,10005eb8		
10005c40	FUN_10005c40	137	1		GetProcAddress,LoadLibraryA	user32.dll|MessageBoxA|GetActiveWindow|GetLastActivePopup
10005cd0	_strncpy	254	1			
10005dce	FUN_10005dce	28	2		IsBadReadPtr	
10005dea	FUN_10005dea	28	1		IsBadWritePtr	
10005e06	FUN_10005e06	24	2		IsBadCodePtr	
10005e1e	FUN_10005e1e	23	1	10002187,10003b0b,10005f83		
10005e40	FUN_10005e40	62	0			
10005e80	_strncmp	56	0			
10005eb8	FUN_10005eb8	203	2	100056b7,10005764		
10005f83	FUN_10005f83	386	1	10002187,100032d2,10003cf3,10003d54,10006105		
10006105	FUN_10006105	61	1			
10006150	FUN_10006150	257	0	10003cf3,10003d54,10005eb8		
1000635e	CSimpleException::InitString	41	0	1000a354		
100063ca	FUN_100063ca	25	7	10002458		
100063e3	RemoveAll	32	1	10006460		
10006403	FUN_10006403	25	1	100063e3		
1000641c	FUN_1000641c	36	1	10006403		
10006440	FUN_10006440	32	2	100073ec		
10006460	FUN_10006460	22	3	10007415		
10006476	CMap<>	39	1			
1000649d	FUN_1000649d	28	0	10006529,10007415		
100064b9	FUN_100064b9	69	2	100022c0,100073ec,10007415		
100064fe	RemoveAll	43	3	10006460,10007415		
10006529	FUN_10006529	41	6	10002110,100064fe		¸xø
10006552	FUN_10006552	77	1	10006440		
1000659f	FUN_1000659f	25	1	100064fe		
100065b8	FUN_100065b8	50	1			
100065ea	FUN_100065ea	51	7			
1000661d	FUN_1000661d	80	2	100064b9,10006552,100065b8		
1000666d	FUN_1000666d	66	4	1000659f		
100066af	FUN_100066af	114	1			
10006727	FUN_10006727	34	0	100069f8,1000af77,1000c92d		
10006749	FUN_10006749	55	0	100013b8	PostMessageA	
100067f7	FUN_100067f7	106	0	10006ad4		
10006861	FUN_10006861	173	1	1000a5a3	ClosePrinter,DocumentPropertiesA,GlobalAlloc,GlobalLock,OpenPrinterA,lstrcmpA	
1000690e	AfxGetThread	21	8	1000be2c,1000be52		
10006923	FUN_10006923	95	1	1000b9b3,1000ba75,1000bbfa,1000be2c	GetCurrentThreadId,SetWindowsHookExA	VèJQ
10006982	FUN_10006982	100	1	10007420,10007429,1000b95a,1000ba2a		
100069f8	FUN_100069f8	127	1		PeekMessageA	
10006ad4	FUN_10006ad4	267	1	10007420,10007429,10007b59,10007f0b,10009665,1000b9b3,1000be2c	IsWindowVisible	¸¥Ê
10006bdf	FUN_10006bdf	123	0	10008dd7		
10006cb7	AfxInternalProcessWndProcException	37	0		ValidateRect	
10006d34	FUN_10006d34	75	1		GetKeyState	
10006d7f	FUN_10006d7f	330	0	100013b8,10006d34,10007b80,100080cc,100095ab,1000a206,1000b9b3	SendMessageA	¸õÊ
10006ee4	FUN_10006ee4	64	0		DispatchMessageA,GetMessageA,TranslateMessage	
10006f24	FUN_10006f24	26	3			
10006f3e	FUN_10006f3e	43	5	10002110		¸0ò
10006f69	FUN_10006f69	263	1			
10007070	FUN_10007070	271	1	10002320,10006f69,10008dd7,1000be2c		
1000718d	FUN_1000718d	21	1	1000be2c		
100071a2	FUN_100071a2	21	2	1000be2c		
100071cf	FUN_100071cf	50	0	1000be69,1000c14f,1000c1bf		
1000720d	CCmdUI::CCmdUI	38	1			
10007233	FUN_10007233	144	0	10007b9b,10007bc2,100080cc	EnableMenuItem,GetFocus,GetNextDlgTabItem,GetParent	
100072c3	FUN_100072c3	98	0		CheckMenuItem,SendMessageA	
10007325	FUN_10007325	86	0	1000b407	SetMenuItemBitmaps	
1000737b	FUN_1000737b	87	0	1000a532	GetMenuState,ModifyMenuA	
100073d2	FUN_100073d2	8	1	100063ca		
100073da	FUN_100073da	18	6			
100073ec	FUN_100073ec	41	7	100023cc,100073d2		
10007415	FUN_10007415	11	24	10002278		
10007420	FUN_10007420	9	3	1000be52		
10007429	FUN_10007429	250	3	10002278,100023cc,10002492,1000690e,10007647,1000b9b3,1000be2c,1000be52		¸õÊ
10007523	FUN_10007523	101	4	10002110,10006476,100064b9		¸°ò
10007588	FUN_10007588	174	4	10002110,100063ca,100065ea,1000661d,100073da,100076be		¸àò
10007636	Catch@10007636	17	0	10002458,100073da		
10007647	FUN_10007647	101	2	100064fe,100066af		
100076ac	FUN_100076ac	18	0	10007704		
100076be	FUN_100076be	56	1	10002110		¸èó
100076f6	Catch@100076f6	14	0	10007a58		
10007704	FUN_10007704	25	1			
10007727	FUN_10007727	15	0	10001926		
10007736	FUN_10007736	12	0	10001b08		
10007756	FUN_10007756	18	0	10001926		
10007768	FUN_10007768	12	0	10001b08		
10007788	FUN_10007788	18	0	10001926		
1000779a	FUN_1000779a	12	0	10001b08		
100077ba	FUN_100077ba	18	0	10001926		
100077cc	FUN_100077cc	12	0	10001b08		
100077e2	FUN_100077e2	130	3	1000198a,100073ec		
10007864	FUN_10007864	72	3	10001a19,10007415		
100078ac	FUN_100078ac	49	2	10007864	InterlockedDecrement	
100078dd	FUN_100078dd	35	1	10007864	InterlockedDecrement	
10007900	FUN_10007900	46	1	10002aa0,100077e2,100078ac		
1000792e	FUN_1000792e	41	1	100077e2,100078ac		
10007957	FUN_10007957	42	2	10007864	InterlockedDecrement	
10007981	FUN_10007981	45	1	10002aa0,1000792e		
100079ae	FUN_100079ae	39	1	10007981	lstrlenA	
100079d5	FUN_100079d5	79	1	10002aa0,100077e2,100078dd		
10007a24	FUN_10007a24	40	1	10007900	lstrlenA	
10007a4c	FUN_10007a4c	12	4			
10007a58	FUN_10007a58	18	3			
10007a6a	FUN_10007a6a	85	0	1000adb9,1000adf1		
10007ad6	FUN_10007ad6	26	9		GetWindowLongA	
10007af0	FUN_10007af0	26	1		GetWindowLongA	
10007b0a	FUN_10007b0a	79	1		SetWindowPos	
10007b59	FUN_10007b59	39	1		ShowWindow	
10007b80	FUN_10007b80	27	3		IsWindowEnabled	
10007b9b	FUN_10007b9b	39	1		EnableWindow	
10007bc2	FUN_10007bc2	33	1	100080cc	SetFocus	
10007be3	FUN_10007be3	61	2	100065ea	GetParent	
10007c40	FUN_10007c40	13	0	10007d6c		
10007c4d	FUN_10007c4d	12	0	10001b08		
10007c7e	FUN_10007c7e	13	0	10007d6c		
10007c8b	FUN_10007c8b	12	0	10001b08		
10007cbc	FUN_10007cbc	13	0	10007d6c		
10007cc9	FUN_10007cc9	12	0	10001b08		
10007cfa	FUN_10007cfa	13	0	10007d6c		
10007d07	FUN_10007d07	12	0	10001b08		
10007d2e	FUN_10007d2e	34	1	100022c0,10006f24		
10007d50	CWnd::`scalar_deleting_destructor'	28	0	10007415,1000873f		
10007d6c	FUN_10007d6c	44	5	100022c0,10006f24		
10007d98	FUN_10007d98	35	2	10007ad6	GetWindowRect	
10007dbb	FUN_10007dbb	121	2	10007ad6,10007b80,100080cc,10009cab	GetWindow,GetWindowRect	
10007e34	FUN_10007e34	97	2	10007ad6,10009583	SendMessageA	
10007e95	FUN_10007e95	118	2	10007b80,100080cc,10009583	GetForegroundWindow,GetLastActivePopup,SetForegroundWindow	
10007f0b	FUN_10007f0b	170	4	10002110,10007d98,10007dbb,10007fdf,1000b9b3		¸Ðõ|¸õÊ
10007fb5	Catch@10007fb5	39	0	1000690e,10007a58		
10007fdf	FUN_10007fdf	31	1			
10007ffe	FUN_10007ffe	53	2	1000b9b3	GetMessagePos,GetMessageTime	¸õÊ
10008033	FUN_10008033	39	12	1000b9b3		¸õÊ
1000805a	FUN_1000805a	114	6	10002110,100073da,100073ec,10007523,1000be52		¸(ö
100080cc	FUN_100080cc	39	11	10007588,10007be3,1000805a		
100080f3	FUN_100080f3	30	6	100065ea,1000805a		
10008111	FUN_10008111	57	1	1000661d,10007be3,1000805a		
1000814a	CWnd::Detach	46	2	1000666d,1000805a		
10008179	FUN_10008179	47	0	10007f0b,100080f3		
100081a8	FUN_100081a8	6	1			
100081ae	FUN_100081ae	291	1	10002110,10007d98,10007dbb,10007e34,10007e95,100080cc	CallWindowProcA,GetPropA,GlobalDeleteAtom,GlobalFindAtomA,RemovePropA,SetWindowLongA	¸Pö|AfxOldWndProc423
100082d1	Catch@100082d1	60	0	1000690e,10007a58		
1000830d	FUN_1000830d	124	0	100081ae,10009c36,1000ba75		¸íÌ
10008389	FUN_10008389	502	0	10007f0b,10008111,100081a8,1000b9b3,1000be2c	CallNextHookEx,GetClassLongA,GetPropA,GetWindowLongA,GlobalAddAtomA,GlobalGetAtomNameA,SetPropA,SetWindowLongA,UnhookWindowsHookEx,lstrcmpiA	¸õÊ|ime|AfxOldWndProc423|¸DÌ
1000857f	FUN_1000857f	76	1	100063ca,1000b9b3	GetCurrentThreadId,SetWindowsHookExA	¸õÊ
100085cb	FUN_100085cb	66	1	1000b9b3,1000be2c	UnhookWindowsHookEx	¸õÊ
1000860d	FUN_1000860d	198	1	1000857f,100085cb,1000be2c	CreateWindowExA	
100086d3	FUN_100086d3	32	0	10009f4c		AfxWnd42s
100086f3	FUN_100086f3	76	0	1000860d		
1000873f	CWnd::~CWnd	124	6	10002110,10006f3e,100088fc		¸¨ö
100087bb	FUN_100087bb	30	0	10008033		
100087d9	FUN_100087d9	274	0	100022c0,1000690e,10008033,1000814a,1000af67,1000bbfa,1000be2c,1000c92d	GetWindowLongA,SendMessageA,SetWindowLongA	
100088fc	FUN_100088fc	77	1	100065ea,1000805a,1000814a	DestroyWindow	
10008949	FUN_10008949	71	0		CallWindowProcA,DefWindowProcA	
10008994	FUN_10008994	31	0	1000be2c		
10008a0a	FUN_10008a0a	113	0	1000a4bd	GetDlgCtrlID,SendMessageA	
10008a7b	FUN_10008a7b	61	0	10008033,1000977c,1000a402		
10008ab8	FUN_10008ab8	42	0	10008033,1000977c		
10008b02	FUN_10008b02	43	0	10008033,1000974f		
10008c08	FUN_10008c08	145	2	10002110,1000be2c,1000c14f,1000c1bf	GetClassInfoA,RegisterClassA,lstrcatA	¸Ðö
10008c99	Catch@10008c99	86	0	10002458,1000b9b3,1000c1bf		¸õÊ
10008cef	FUN_10008cef	226	0	10002110,1000718d,100071a2,10009583,10009665,1000adf1,1000be2c	GetCapture,SendMessageA,WinHelpA	¸(÷
10008dd7	AfxFindMessageEntry	64	3			
10008e17	FUN_10008e17	68	0			
10008e5b	FUN_10008e5b	1198	1	10002110,100065ea,10007d2e,10007e34,10007e95,100080cc,100080f3,1000873f,10008dd7,1000a3ed,1000a62b,1000a6cd,1000a713,1000c14f,1000c1bf	GetVersion	¸P÷
100093cd	FUN_100093cd	25	1	1000720d		
100093fa	FUN_100093fa	140	0	100093cd,1000977c,1000b9b3		¸õÊ
10009486	FUN_10009486	122	0	1000977c,1000b9b3	GetDlgCtrlID	¸õÊ
10009500	FUN_10009500	62	1	100080cc	GetParent	
1000953e	AfxGetParentOwner	69	1	100018e7,100080f3	GetParent,GetWindow,GetWindowLongA	
10009583	FUN_10009583	40	3	100080cc,1000953e		
100095ab	FUN_100095ab	65	1	10009500		
100095ec	FUN_100095ec	121	1	100080cc,100080f3,100095ec	GetDlgItem,GetTopWindow,GetWindow	
10009665	FUN_10009665	125	6	10007f0b,100080f3,10009665	GetTopWindow,GetWindow,SendMessageA	
100096e2	FUN_100096e2	43	0	10007ad6,10007af0	AdjustWindowRectEx	
1000970d	FUN_1000970d	66	0	100080f3	GetParent	
1000974f	FUN_1000974f	45	4	1000b9b3		¸õÊ
1000977c	FUN_1000977c	164	5	10002110,100065ea,10007d6c,1000805a,1000873f,1000974f	GetParent	
10009820	FUN_10009820	91	0	1000987b	SendMessageA	
1000987b	FUN_1000987b	232	1	10007070,10008e5b		
100099b2	FUN_100099b2	125	0	1000690e,10007ad6,10008033,10009665,1000a234,1000ba75,1000be2c		
10009a2f	FUN_10009a2f	83	0	1000690e,10009b31,1000ba75,1000be2c		
10009a82	OnDevModeChange	75	0	10006861,10007ad6,10007ffe,10009665,1000be2c		
10009acd	FUN_10009acd	100	0	100013b8,10007ad6,10008033	GetKeyState,SendMessageA	
10009b31	CWnd::OnDisplayChange	73	1	100013b8,10007ad6,10007ffe,10008033,10009665,1000a278		
10009b7a	FUN_10009b7a	42	0	10008033,1000977c		
10009ba4	FUN_10009ba4	33	0	10008033,1000974f		
10009bc5	FUN_10009bc5	74	0	10008033	DispatchMessageA,PeekMessageA	
10009c0f	FUN_10009c0f	39	0	10008033,1000974f		
10009c36	FUN_10009c36	117	1	1000a473	GetObjectA,GetSysColor,SetBkColor,SetTextColor	
10009cab	FUN_10009cab	437	1	100013b8,100017e9,10001854,10007ad6,10007b0a	CopyRect,GetClientRect,GetParent,GetWindow,GetWindowLongA,GetWindowRect,MapWindowPoints,SendMessageA	
10009e94	AfxRegisterWithIcon	65	1	10008c08,1000be2c	LoadIconA	
10009ed5	FUN_10009ed5	119	1		FreeLibrary,GetModuleHandleA,GetProcAddress,InitCommonControls,LoadLibraryA	COMCTL32.DLL|InitCommonControlsEx
10009f4c	FUN_10009f4c	695	1	100022c0,10008c08,10009e94,10009ed5,1000be2c	DefWindowProcA	AfxWnd42s|AfxOleControl42s|AfxControlBar42s|AfxMDIFrame42s|AfxFrameOrView42s
1000a206	FUN_1000a206	31	1			
1000a225	FUN_1000a225	15	1	10001a19		
1000a234	FUN_1000a234	68	2		GetSysColor,GetSysColorBrush	
1000a278	FUN_1000a278	88	2	1000c651,1000c681	GetDC,GetDeviceCaps,GetSystemMetrics,ReleaseDC	
1000a2d0	FUN_1000a2d0	132	1	100079ae,100079d5,10007a24,1000a354		
1000a354	FUN_1000a354	39	3	1000be2c	LoadStringA	
1000a37b	FUN_1000a37b	114	3	10002110,100073da,100073ec,10007523,1000be52		¸øø
1000a3ed	FUN_1000a3ed	21	1	10007588,1000a37b		
1000a402	FUN_1000a402	30	1	100065ea,1000a37b		
1000a420	Detach	42	1	1000666d,1000a37b		
1000a44a	FUN_1000a44a	22	2	1000a420	DestroyMenu	
1000a473	FUN_1000a473	74	1		GetClassNameA,GetWindowLongA,lstrcmpiA	combobox
1000a4bd	FUN_1000a4bd	117	1		ClientToScreen,GetDlgCtrlID,GetWindow,GetWindowLongA,GetWindowRect,PtInRect	
1000a532	FUN_1000a532	88	1		GetWindowTextA,SetWindowTextA,lstrcmpA,lstrlenA	
1000a58a	FUN_1000a58a	25	1		DeleteObject	
1000a5a3	FUN_1000a5a3	54	2		GlobalFlags,GlobalFree,GlobalUnlock	
1000a62b	FUN_1000a62b	20	1			
1000a63f	FUN_1000a63f	28	0	10007415,1000a713		
1000a65b	FUN_1000a65b	114	2	10002110,100073da,100073ec,10007523,1000be52		¸@ô
1000a6cd	FUN_1000a6cd	21	1	10007588,1000a65b		
1000a6e2	CDC::Detach	49	1	1000666d,1000a65b		
1000a713	FUN_1000a713	54	5	10002110,1000a6e2	DeleteDC	¸hô
1000a767	FUN_1000a767	49	0		SaveDC	
1000a798	FUN_1000a798	62	0		RestoreDC	
1000a7d6	FUN_1000a7d6	60	0	1000ab46	GetStockObject,SelectObject	
1000a812	FUN_1000a812	70	0	1000ab46	SelectObject	
1000a858	FUN_1000a858	47	0		SetBkColor	
1000a887	FUN_1000a887	47	0		SetTextColor	
1000a8b6	FUN_1000a8b6	46	0		SetMapMode	
1000a8e4	FUN_1000a8e4	76	0		SetViewportOrgEx	
1000a930	FUN_1000a930	76	0		OffsetViewportOrgEx	
1000a97c	FUN_1000a97c	76	0		SetViewportExtEx	
1000a9c8	FUN_1000a9c8	88	0		ScaleViewportExtEx	
1000aa20	FUN_1000aa20	76	0		SetWindowExtEx	
1000aa6c	FUN_1000aa6c	88	0		ScaleWindowExtEx	
1000aad4	FUN_1000aad4	114	2	10002110,100073da,100073ec,10007523,1000be52		
1000ab46	FUN_1000ab46	21	2	10007588,1000aad4		
1000ab5b	Detach	42	1	1000666d,1000aad4		
1000ab85	FUN_1000ab85	22	2	1000ab5b	DeleteObject	
1000ab9b	FUN_1000ab9b	95	0	1000c14f,1000c1bf	SetCursor	
1000aca4	FUN_1000aca4	46	1	100013b8		
1000acd2	FUN_1000acd2	231	1	1000aca4,1000ae4a	EnableWindow,GetModuleFileNameA,MessageBoxA,SendMessageA	
1000adb9	FUN_1000adb9	56	2	1000acd2,1000be2c		
1000adf1	FUN_1000adf1	89	2	10002110,10007957,1000a2d0,1000adb9		
1000ae4a	FUN_1000ae4a	156	1	100013b8,1000aee6	EnableWindow,GetLastActivePopup,GetParent,GetWindowLongA,IsWindowEnabled	
1000aee6	FUN_1000aee6	12	1	1000bbfa		
1000aef2	FUN_1000aef2	117	1	1000c274	RegCloseKey,RegSetValueExA,WritePrivateProfileStringA,wsprintfA	
1000af67	FUN_1000af67	16	1	1000be2c		
1000af77	FUN_1000af77	9	1	1000be2c		
1000af80	FUN_1000af80	9	0			
1000af89	FUN_1000af89	27	0	1000b55e,1000c900		
1000afa4	FUN_1000afa4	234	1	10002110,1000212f,1000b2fe,1000b9b3,1000be2c	GetCurrentThread,GetCurrentThreadId	¸¥Ê
1000b08e	FUN_1000b08e	28	0	10007415,1000b0ee		
1000b0ee	FUN_1000b0ee	310	2	10002110,10002278,1000a5a3,1000be2c,1000c950	GlobalDeleteAtom	¸@ñ
1000b224	FUN_1000b224	48	1	1000aef2		PreviewPages|Settings
1000b254	FUN_1000b254	54	0	1000b224,1000be2c		
1000b29a	FUN_1000b29a	1	0			
1000b29b	FUN_1000b29b	12	0	10001b08		
1000b2e2	CWinThread::`scalar_deleting_destructor'	28	0	10007415,1000c950		
1000b2fe	CWinThread::CWinThread	61	1	10002110,10006f24,1000b33b		¸¸ñ
1000b33b	FUN_1000b33b	50	1		GetCursorPos	
1000b3d1	FUN_1000b3d1	27	0	1000b55e,1000c73e		
1000b3ec	FUN_1000b3ec	27	0	1000b55e,1000c77f		
1000b407	FUN_1000b407	224	1	100022c0	CreateBitmap,GetMenuCheckMarkDimensions,LoadBitmapA	
1000b4e7	FUN_1000b4e7	19	1			
1000b4fa	FUN_1000b4fa	70	1			
1000b540	FUN_1000b540	30	1	100063ca	LocalAlloc	
1000b55e	FUN_1000b55e	20	11		LocalFree	
1000b572	FUN_1000b572	66	1	100063ca	InitializeCriticalSection,TlsAlloc	
1000b5b4	FUN_1000b5b4	87	0	1000b8c1	DeleteCriticalSection,GlobalFree,GlobalHandle,GlobalUnlock,TlsFree	
1000b60b	FUN_1000b60b	274	1	100022c0,100063ca	EnterCriticalSection,GlobalAlloc,GlobalHandle,GlobalLock,GlobalReAlloc,GlobalUnlock,LeaveCriticalSection	
1000b71d	FUN_1000b71d	93	1		EnterCriticalSection,LeaveCriticalSection	
1000b77a	FUN_1000b77a	234	1	100022c0,100063ca,1000b4e7,1000b540	EnterCriticalSection,LeaveCriticalSection,LocalAlloc,LocalReAlloc,TlsGetValue,TlsSetValue	
1000b864	FUN_1000b864	27	0	1000b55e,1000b87f		
1000b87f	FUN_1000b87f	1	1			
1000b880	FUN_1000b880	65	1		EnterCriticalSection,LeaveCriticalSection	
1000b8c1	FUN_1000b8c1	153	2	1000b4fa	EnterCriticalSection,LeaveCriticalSection,LocalFree,TlsSetValue	
1000b95a	FUN_1000b95a	89	2	1000b8c1	EnterCriticalSection,LeaveCriticalSection,TlsGetValue	
1000b9b3	FUN_1000b9b3	119	18	1000b572,1000b60b,1000b77a	TlsGetValue	
1000ba2a	FUN_1000ba2a	45	1		TlsGetValue	
1000ba57	FUN_1000ba57	30	1	1000b71d		
1000ba75	FUN_1000ba75	75	5	10002110,1000c14f,1000c1bf		¸Xò
1000bac0	Catch@1000bac0	53	0	10002458,1000c1bf		
1000baf5	FUN_1000baf5	22	1	1000b880		
1000bb0b	FUN_1000bb0b	26	1	1000b95a		
1000bb25	FUN_1000bb25	7	0			
1000bb54	FUN_1000bb54	23	0			
1000bb6b	FUN_1000bb6b	27	0	1000b55e,1000bb86		
1000bb86	FUN_1000bb86	116	1	10002110,10002278	UnhookWindowsHookEx	¸hó
1000bbfa	FUN_1000bbfa	16	5	1000b9b3		¸õÊ
1000bc14	FUN_1000bc14	1	0			
1000bc15	FUN_1000bc15	12	0	10001b08		
1000bc2b	FUN_1000bc2b	99	0			
1000bc8e	FUN_1000bc8e	27	0	1000b55e,1000bca9		
1000bca9	FUN_1000bca9	117	2	10002110,1000ba57		
1000bd1e	FUN_1000bd1e	31	0			
1000bd3d	FUN_1000bd3d	27	0	1000b55e,1000bd58		
1000bd58	FUN_1000bd58	174	1	10002110,1000641c,10007415		¸Àó
1000be10	FUN_1000be10	1	0			
1000be11	FUN_1000be11	12	0	10001b08		
1000be2c	FUN_1000be2c	38	32	1000b9b3,1000ba75		¸õÊ
1000be52	AfxGetModuleThreadState	23	8	1000b9b3,1000be2c		¸¥Ê
1000be69	CTypeLibCache::Unlock	53	1		InterlockedDecrement	
1000bec6	FUN_1000bec6	27	0	1000b55e,1000bca9		
1000bee6	FUN_1000bee6	99	1	10006923,1000be2c,1000bf49	SetErrorMode	
1000bf49	FUN_1000bf49	285	1	1000212f,1000256e,1000a354,1000be2c,1000c066	GetModuleFileNameA,lstrcatA,lstrcpyA	.HLP|.INI
1000c066	FUN_1000c066	86	1	100025e0	lstrcpynA,lstrlenA	
1000c0bc	FUN_1000c0bc	69	1		GetVersion,InitializeCriticalSection	
1000c101	FUN_1000c101	78	0		DeleteCriticalSection	
1000c14f	FUN_1000c14f	112	6	1000c0bc	EnterCriticalSection,InitializeCriticalSection,LeaveCriticalSection	
1000c1bf	FUN_1000c1bf	33	8		LeaveCriticalSection	
1000c1e0	FUN_1000c1e0	148	1		RegCloseKey,RegCreateKeyExA,RegOpenKeyExA	software
1000c274	GetSectionKey	70	1	1000c1e0	RegCloseKey,RegCreateKeyExA	
1000c2ca	FUN_1000c2ca	18	0	1000143d		
1000c2dc	FUN_1000c2dc	12	0	10001b08		
1000c302	FUN_1000c302	18	0	1000148a		
1000c314	FUN_1000c314	12	0	10001b08		
1000c38d	FUN_1000c38d	32	0	10001a19,1000a713		
1000c3d4	FUN_1000c3d4	32	0	10001a19,1000c3f4		
1000c3f4	FUN_1000c3f4	41	1	10002110,1000ab85		¸¸ô
1000c42d	FUN_1000c42d	15	0	10001926		
1000c43c	FUN_1000c43c	12	0	10001b08		
1000c46d	FUN_1000c46d	15	0	10001926		
1000c47c	FUN_1000c47c	12	0	10001b08		
1000c4b3	FUN_1000c4b3	18	0	10001621		
1000c4c5	FUN_1000c4c5	12	0	10001b08		
1000c4eb	FUN_1000c4eb	18	0	1000166e		
1000c4fd	FUN_1000c4fd	12	0	10001b08		
1000c58b	FUN_1000c58b	32	0	10001a19,1000873f		
1000c5c0	FUN_1000c5c0	15	0	10001926		
1000c5cf	FUN_1000c5cf	12	0	10001b08		
1000c631	FUN_1000c631	10	0	1000c6a3		
1000c63b	FUN_1000c63b	12	0	10001b08		
1000c651	FUN_1000c651	48	1		GetSystemMetrics	
1000c681	FUN_1000c681	34	1		GetSystemMetrics	
1000c6a3	FUN_1000c6a3	155	1	1000a234,1000a278	GetProcessVersion,GetVersion,LoadCursorA	
1000c73e	FUN_1000c73e	65	1	10002110	FreeLibrary	¸(ø
1000c77f	FUN_1000c77f	54	1	10002110		¸Pø
1000c7bf	FUN_1000c7bf	1	0			
1000c7c0	FUN_1000c7c0	12	0	10001b08		
1000c7d6	FUN_1000c7d6	5	1			
1000c7e5	FUN_1000c7e5	1	0			
1000c7e6	FUN_1000c7e6	12	0	10001b08		
1000c802	FUN_1000c802	35	0		GetCPInfo,GetOEMCP	
1000c871	FUN_1000c871	32	0	10001a19,1000c891		
1000c891	FUN_1000c891	41	1	10002110,1000a44a		¸ ù
1000c8ca	FUN_1000c8ca	15	0	10001926		
1000c8d9	FUN_1000c8d9	12	0	10001b08		
1000c900	FUN_1000c900	45	1	10002110,1000a58a		¸ðð
1000c92d	AfxPostQuitMessage	35	2	1000690e	PostQuitMessage	
1000c950	CWinThread::~CWinThread	79	4	10002110,10006f3e,1000be52	CloseHandle	¸àñ
1000c99f	FUN_1000c99f	181	1	100024d7,1000bbfa,1000be2c,1000c14f,1000c1bf	UnhookWindowsHookEx,UnregisterClassA	
1000ca60	Unwind@1000ca60	9	0			
1000ca74	Unwind@1000ca74	8	0	1000c950		
1000ca88	Unwind@1000ca88	8	0	1000c950		
1000ca9c	Unwind@1000ca9c	9	0	1000b55e		
1000cab0	Unwind@1000cab0	8	0	10007957		
1000cac4	Unwind@1000cac4	8	0	10006f3e		
1000cad8	Unwind@1000cad8	8	0	10006f3e		
1000caec	Unwind@1000caec	9	0	1000b55e		
1000cb00	Unwind@1000cb00	8	0			
1000cb20	Unwind@1000cb20	11	0	10006529		
1000cb2b	Unwind@1000cb2b	11	0	10006529		
1000cb4c	Unwind@1000cb4c	11	0	10006529		
1000cb57	Unwind@1000cb57	11	0	10006529		
1000cb6c	Unwind@1000cb6c	8	0			
1000cb80	Unwind@1000cb80	8	0			
1000cb88	Unwind@1000cb88	14	0	1000c7d6		
1000cba0	Unwind@1000cba0	8	0			
1000cbc0	Unwind@1000cbc0	10	0	10007415		
1000cbd4	Unwind@1000cbd4	8	0			
1000cbe8	Unwind@1000cbe8	10	0	10007415		
1000cbfc	Unwind@1000cbfc	8	0			
1000cc10	Unwind@1000cc10	8	0			
1000cc30	Unwind@1000cc30	10	0	10007415		
1000cc50	Unwind@1000cc50	8	0	10006f3e		
1000cc70	Unwind@1000cc70	8	0	10001919		
1000cc84	Unwind@1000cc84	8	0	1000a713		
1000cc8c	Unwind@1000cc8c	8	0	1000873f		
1000cc94	Unwind@1000cc94	8	0	1000a713		
1000cca8	Unwind@1000cca8	8	0	1000873f		
1000ccbc	Unwind@1000ccbc	9	0	100013cc		
1000ccd0	Unwind@1000ccd0	10	0	1000a225		
1000cce4	Unwind@1000cce4	9	0	1000b55e		
1000ccf8	Unwind@1000ccf8	8	0			
1000cd0c	Unwind@1000cd0c	8	0			
1000cd20	Unwind@1000cd20	8	0			
1000cd40	Unwind@1000cd40	10	0	10007415		
1000cd54	Unwind@1000cd54	8	0			
1000cd68	Unwind@1000cd68	8	0			
