path	size	md5
AutoRun.exe	31232	6dcb5428107046b0f7bc670e48a0c5c5
AUTORUN.INF	48	90d7f860930a14c176558e16a5102035
Data/FONTS/TOPAZ8.AWF	1646	23a30945be9310878afd43b9b8b5b0ce
Data/FONTS/TROBO.TTF	35836	38fa70cf47844877fc214f861dcb9dd3
Data/FONTS/TROBO12.AWF	2579	c2ba06d8822c2e5a1d95f0d123376ae2
Data/GFX/A01_02.TGP	178631	c14a0a0ca21677678da925693ec86ebe
Data/GFX/A01_02A.TGP	93255	04cf8630acdc06476ea84087d3e04100
Data/GFX/A01_02B.TGP	1689512	39e7181905b39c6cf79dbf649ea92866
Data/GFX/A01_03.TGP	165544	d599b75c4174a4ceddc05dfb73534d38
Data/GFX/A01_032a.TGP	66617	8ee570c895ca00cdbfed9ed9a6fad230
Data/GFX/A01_032b.TGP	72997	114dc81c59be8a66ab2e87564796839c
Data/GFX/A01_032c.TGP	83836	831599cbce2c3937ff787dae5cb81e7f
Data/GFX/A01_032d.TGP	87987	66166a08ef4ea0a36a2d67a4d2313f86
Data/GFX/A01_032e.TGP	91142	69f485c4b9105d4c58711d125b482978
Data/GFX/A01_032f.TGP	105006	739e93bc0078c87dadef1fe05061ae76
Data/GFX/A01_03A.TGP	83552	a1fb9e61a8e6f3d380a181d79e0142ce
Data/GFX/A01_03B.TGP	1263371	bae97ea82ef0eadb62345bb099f3c127
Data/GFX/A03_01.TGP	279550	7f33577ce1e5abfe37f8b383a28e2745
Data/GFX/A03_012a.TGP	149646	24b55eaa63016fe9c50d381d39f9aff3
Data/GFX/A03_012e.TGP	171602	2c55fa3dfd0ac32a47957b66fde82dd4
Data/GFX/A03_012f.TGP	170630	c1e16c87269e9b755b883c793801af14
Data/GFX/A03_012g.TGP	181324	658126a80c4aef3fc3fab8733259186e
Data/GFX/A03_01A.TGP	156418	d9351f79d4f08e3fec29e4edf6738d1c
Data/GFX/A03_01B.TGP	2458082	7d2c35a120909d3a4aeeb71c4062fa25
Data/GFX/A03_02.TGP	323701	49ce9dfd10f5dd3caf92a8a68f72602b
Data/GFX/A03_023A.TGP	292743	8ff21f2391e754e3facbec3b6c585fe3
Data/GFX/A03_023C.TGP	290829	90a8df9de842377f5e6490728e51fff2
Data/GFX/A03_023D.TGP	290767	125d503993a4fc37def229e52b07311b
Data/GFX/A03_023E.TGP	290852	863d5a608099bbf99d64848f7016d9ef
Data/GFX/A03_023F.TGP	288876	53d4764724300eeadccb9c28fd56ed44
Data/GFX/A03_023G.TGP	288938	c6aeab5e202f12988ee356308d8db3de
Data/GFX/A03_023H.TGP	288853	96d874f35b51bfe5ab3f3d6e6c8a95d1
Data/GFX/A03_023I.TGP	323701	49ce9dfd10f5dd3caf92a8a68f72602b
Data/GFX/A03_023J.TGP	323701	49ce9dfd10f5dd3caf92a8a68f72602b
Data/GFX/A03_023K.TGP	323212	2edf63e1856f654447b7cf011b735f3a
Data/GFX/A03_023L.TGP	288938	c6aeab5e202f12988ee356308d8db3de
Data/GFX/A03_023M.TGP	288876	53d4764724300eeadccb9c28fd56ed44
Data/GFX/A03_023N.TGP	288853	96d874f35b51bfe5ab3f3d6e6c8a95d1
Data/GFX/A03_02A.TGP	167745	b45093a00e20484bcd7376f04e9bad28
Data/GFX/A03_02B.TGP	3352033	6b2cc27c9ea6297c72d458f37185f602
Data/GFX/A03_03.TGP	266988	0e97f7ce0dc4570a4f82a4813f372d49
Data/GFX/A03_03A.TGP	139881	f8454a0953107fa17d44e13d0cc498c5
Data/GFX/A03_03B.TGP	2469329	96b5e164145ffe621a5fbb0b06f73ae0
Data/GFX/A03_04.TGP	328696	c1aeab3a7964d7b120ed308503175a7a
Data/GFX/A03_042e.TGP	268974	12c901713f8dbebe5a41173eea45c067
Data/GFX/A03_04A.TGP	170589	bd2aae2e00d510406c2137296ac2a94f
Data/GFX/A03_04B.TGP	3274779	a8fcfeb2f5e5323db831d5268f033b17
Data/GFX/A03_05.TGP	234854	197c5712c9d5b7223bd7a6cc3312b4f5
Data/GFX/A03_05A.TGP	134731	cb5256857c34b29abd3c96ae2542dbd0
Data/GFX/A03_05B.TGP	2879422	fa7f26cd7842c14cd1835671d7229a84
Data/GFX/A03_05c.TGP	215739	d26a7eb559f935d9aea020d1956b44f4
Data/GFX/A03_05d.TGP	56568	5294e947829f73ea97ef9fb30c5b65e1
Data/GFX/A03_05e.TGP	42896	bafd87613168c523a669dc7074ffef7e
Data/GFX/A03_06.TGP	352572	9f8f4832ffdd680eba74f529bbcced39
Data/GFX/A03_06A.TGP	200834	25aada1b859e8cd9e42218454e2da46e
Data/GFX/A03_06B.TGP	3288768	3e214246f71362a011522c32057d4239
Data/GFX/A03_06f.TGP	353327	84b77fef4c19283bd4ee2c088a567755
Data/GFX/A04_01.TGP	224413	398efc8a72adff2624606a7b55764736
Data/GFX/A04_01A.TGP	124073	82e1bcdc276f1b95929918e2346cddd6
Data/GFX/A04_01B.TGP	1998693	8dea8d9176c281801ac0f3ed3b824b87
Data/GFX/A04_02.TGP	188411	5573be2782f6a07ef4354e0151a27ed6
Data/GFX/A04_02A.TGP	98181	9c4417a1c31835028bde84b19ebf3dca
Data/GFX/A04_02B.TGP	1737790	2907192d3a160b05e090763c3fd66d71
Data/GFX/A04_03.TGP	214173	c7f311288bec8ec67665c0d0424318d8
Data/GFX/A04_03A.TGP	129141	e75b84ec6cfd852017ba94f7467c841b
Data/GFX/A04_03B.TGP	2716635	d5d19d3948595a6e6379a390c2d811db
Data/GFX/A11_01.TGP	218684	f1efedc4702294b9027064cb3b10c167
Data/GFX/A11_01A.TGP	118680	a7f440923cb43e3fef3cfa2a4182e0c5
Data/GFX/A11_01B.TGP	2037464	a3aca7c2d9e63b06943088a5dfc62156
Data/GFX/A13_01.TGP	342795	d401223cc437bd834d13c4299cbec755
Data/GFX/A13_01A.TGP	197144	3668a344049a2d8030c36c627276fc5e
Data/GFX/A13_01B.TGP	3041633	e7ffc7a5a379497632478e4452493594
Data/GFX/A13_02.TGP	255257	4b420615c892720c897ae8a7d9729949
Data/GFX/A13_02A.TGP	137062	fc4d5abdf2dca2fbbeeb7d68f3df9af9
Data/GFX/A13_02B.TGP	2322447	8c991568d289603f4b09a6c786299ef4
Data/GFX/A13_03.TGP	317233	b8c435a00c9c76816a7cedafe0d31c08
Data/GFX/A13_031.TGP	83715	a125cc490e29c8e72caf3b161621cd37
Data/GFX/A13_032c.TGP	292148	bbd8921019690ba56a85f2f408030d5d
Data/GFX/A13_032d.TGP	299286	72926b11eab6eeaa3ec8af8f4b87c889
Data/GFX/A13_03A.TGP	170646	a2cde25fcd7d99467366d2a8102a33c3
Data/GFX/A13_03B.TGP	3236388	2f6e56e1bb6d0cb1b48b563cc094b55e
Data/GFX/A13_04.TGP	259003	9a911665a2660c379e7244c3d6cdc6be
Data/GFX/A13_04A.TGP	121597	98eb73e594968a8af72be38e96f5b1ad
Data/GFX/A13_04B.TGP	2266845	ea2eb4d362a4c8ebfd15d590c6ee57a6
Data/GFX/A13_05.TGP	163586	de2e29406edf8977f21b4c70d2f30eb8
Data/GFX/A13_052a.TGP	45347	c26eb6bc64cf4e7cb2051b03020824c3
Data/GFX/A13_05A.TGP	98022	c556854eeaa13fdbf17ec16a8454b65f
Data/GFX/A13_05B.TGP	1994890	b95469659645da995637acea92b39078
Data/GFX/A13_06.TGP	205731	4e9fc2518d4e19c9947ebfb84b3863c6
Data/GFX/A13_061A.TGP	10481	5d05e25666f4f3ecf25b8afe8a56ba3b
Data/GFX/A13_06A.TGP	113253	905257b0d3c24754a49cbcc93cbc9bad
Data/GFX/A13_06B.TGP	2594739	d5db780f306a56673639f061f4cfc9f9
Data/GFX/A13_07.TGP	206039	849ad6079bf5948755d5e4c1b250a70a
Data/GFX/A13_07A.TGP	110995	8fa3176eaccf1d98aa10af6bc59e3135
Data/GFX/A13_07B.TGP	2981518	4178c1cb017635df90223cb168febb62
Data/GFX/A13_08.TGP	171952	35825d585b9b5f119a714f38e9c00c60
Data/GFX/A13_08A.TGP	99528	9e83b3e208ba8b09059d23bee2856ac0
Data/GFX/A13_08B.TGP	2417215	91c42db1ee8186a3c2d8c002f51bc998
Data/GFX/A13_09.TGP	243830	0afa3a1ac53672fe494436cce33e1072
Data/GFX/A13_09A.TGP	136491	16e98cc475c531afb737c1739ed7a9c2
Data/GFX/A13_09B.TGP	3255450	f39f1ce0fcd6d99b73ccfd5ba6fd3b7a
Data/GFX/A14_01.TGP	225105	2d6243086107645a019cb329d652a975
Data/GFX/A14_010a.TGP	41111	c94dc68ac0415f9cfce46dacb9371152
Data/GFX/A14_01A.TGP	120902	2d9908444daf151ac50e4b335189a4b8
Data/GFX/A14_01B.TGP	3244801	19b7ec85db44e61f2c87b21fbb02e862
Data/GFX/A14_02.TGP	358401	aed8de6915d7bc42cb07c7aae42460e5
Data/GFX/A14_020a.TGP	192753	270cb3124a3a198a5baad3a60f3a0b6d
Data/GFX/A14_02A.TGP	190002	a98dfef29eacf35a202b8ed39e19185d
Data/GFX/A14_02B.TGP	3238743	c55c215e86fa52e5666f206fc918b1b5
Data/GFX/A14_03.TGP	191806	8218653b55da62b1fe48efeca6f101c7
Data/GFX/A14_031a.TGP	191752	a7048d38933da1623510acedf6e503c5
Data/GFX/A14_031b.TGP	215692	a015b06a3d395437092fe505d9e4943e
Data/GFX/A14_031c.TGP	160479	87e675648f47f8faee34ac4988b24551
Data/GFX/A14_031d.TGP	128172	0bed1add0970a2c9fa23d3cd3ec4440b
Data/GFX/A14_032a.TGP	128172	0bed1add0970a2c9fa23d3cd3ec4440b
Data/GFX/A14_032b.TGP	392765	18707a44b7ecf2803cb9cf760c4d934c
Data/GFX/A14_03A.TGP	109801	8a72e28c6b39e8ca5bf5fc658f22fac3
Data/GFX/a14_03b.tgp	2680282	49955444cc3d261f4d8b2ce6e5a42e07
Data/GFX/CREDIT00.TGP	13174	de945c80259c6c45531cfd5910a80e4e
Data/GFX/CREDIT01.TGP	30099	3d9e7c7777938cb23efad1a02be856bf
Data/GFX/CREDIT02.TGP	23495	adc19b1c2a7fb8ca4705d7bc03345d13
Data/GFX/CREDIT03.TGP	21052	6f075d923ce2866978b46b2584c86d90
Data/GFX/CREDIT04.TGP	28655	fdcb7f38f646e467e96be3afbf02e8bf
Data/GFX/CREDIT05.TGP	30876	92b7519bdc694bb81c590638cc0b4c25
Data/GFX/CREDIT06.TGP	25116	b94f5c3a80308fef45b6d25eeeffc998
Data/GFX/CREDIT07.TGP	22554	0f25056462db29d19ce9514e87a36352
Data/GFX/CREDIT08.TGP	20001	338dea73994d11c4f5a423cad9865924
Data/GFX/CREDIT09.TGP	29256	9e4a192dc8b60189aa68883f0e098408
Data/GFX/CREDIT10.TGP	33120	f9bfb8767bf6c479b3f5cb276ffe5371
Data/GFX/CREDIT11.TGP	34127	a507f7accc502b8e8b430a8d2a2afdf2
Data/GFX/CREDIT12.TGP	31567	edb9cca18bd34403300c173bf89d25ab
Data/GFX/CREDIT13.TGP	28414	8b6d00b016da9ef8738ffc75f351a908
Data/GFX/CREDIT14.TGP	31021	99d47de3eb8047087876bdaf6e73229d
Data/GFX/CREDIT15.TGP	29220	883cd1179256fac47be52b0e68c13116
Data/GFX/KEYBOARD.TGP	20088	98d7799d6643baae3899f2aacca24e96
Data/GFX/LOAD.TGP	17916	6e9e40ef7d25867d98b1b015465eb202
Data/GFX/OPTION.TGP	18907	f677377d3af0d9f3b23e914c1453309f
Data/GFX/QUIT.TGP	10657	5c3910425565ff8565a559b72b5974f2
Data/GFX/SCRSIZE.TGP	14602	fc914e280102de8ec95efc1931957bce
Data/Graphs_2D/ACCES.TGA	724	ccf41d8924ae2e1bbfb8a63e9de96be6
Data/Graphs_2D/buche.TGA	5224	d43dbc6b2c465cb1f37dde98d741777a
Data/Graphs_2D/cle.TGA	7094	11b6ab9f35bc37e11f798ec8c8fda8ec
Data/Graphs_2D/Ct0.tga	1410	07995462fa47a9fdb976085d337fc299
Data/Graphs_2D/Ct1.tga	1410	9482fc939054b82643ace30ddc70380a
Data/Graphs_2D/Ct10.tga	1410	720eddd59f127b439eb3ec418926cb24
Data/Graphs_2D/Ct11.tga	1410	74bcd689f9f18e6fd767c34855e9e81a
Data/Graphs_2D/Ct12.tga	1410	918df1b86f9426f93c0ae9ccebc48469
Data/Graphs_2D/Ct13.tga	1410	87335cb52be6c9e61d75158ab734c659
Data/Graphs_2D/Ct14.tga	1410	cc7dc60fc9815dcbea54f7175e9c90f1
Data/Graphs_2D/Ct15.tga	1410	17193bd72fef1f7145830f382d6b7542
Data/Graphs_2D/Ct2.tga	1410	1a11da41d008a8b448a7bc6e8f5ad387
Data/Graphs_2D/Ct3.tga	1410	dd5094b3dfa48d18169f0900ba927257
Data/Graphs_2D/Ct4.tga	1410	43098ba09a77de31ddf60359d771d173
Data/Graphs_2D/Ct5.tga	1410	99578a7348eeb04c54f46b187c1677ff
Data/Graphs_2D/Ct6.tga	1410	40da86555b9f87398bb45387d53ab217
Data/Graphs_2D/Ct7.tga	1410	cc59991a55f81aabfbd4dceabef85afd
Data/Graphs_2D/Ct8.tga	1410	bb0357e72c8ba938b2d5d1ce61795f09
Data/Graphs_2D/Ct9.tga	1410	eae28d5b36d6b6e8f7f45bfa94e06b52
Data/Graphs_2D/CurDoigt.tga	558	b04b02c259548ef66c1e5c5a0bd156a7
Data/Graphs_2D/Curferme.tga	562	f4a85c86d19b5ab0115d4a5973ef03a2
Data/Graphs_2D/CurZa.TGA	614	94e46119a3a944199dcf71a2a60071e5
Data/Graphs_2D/def_0.tga	2322	a25efda7080131380753efc8ab01d0cf
Data/Graphs_2D/def_1.tga	2386	48328b5ce3eb2bbed3779fb8be1b871e
Data/Graphs_2D/DEJA-VU.TGA	614	0700019068486b83f13e105e3fb98cc8
Data/Graphs_2D/fagot.TGA	7116	189b189b0267c4b61e3bd61f72adccc5
Data/Graphs_2D/fleche.TGA	604	8df7e5d52252b1c8158333b223fb585d
Data/Graphs_2D/invent.tga	76818	3dab9e2eb3f8a532ceb2f495fdd36a84
Data/Graphs_2D/loading.tga	614444	d9f859b0991fc9dc0ffae67d63cd9ed4
Data/Graphs_2D/main.TGA	620	205fc29e255fff8c6e978c54ad6c6a08
Data/Graphs_2D/manivel.TGA	6380	8cd7d14d6515f202ab26c9a1398ef0d6
Data/Graphs_2D/op_0.tga	3496	40aebd78692bc275b017ed9717fcfbe0
Data/Graphs_2D/op_1.tga	2830	00fc16c8a098d6efd2f7353515508544
Data/Graphs_2D/op_10.tga	2806	3ee022a491ce4abbdfd03023bb5bf405
Data/Graphs_2D/op_11.tga	3708	6e8ec8c327f5d47c1654e6b58b003af9
Data/Graphs_2D/op_12.tga	1868	b3733ce6f9e4af4926fc0914c7ab61aa
Data/Graphs_2D/op_13.tga	3718	50bdae838c2dda3d1777db5179861137
Data/Graphs_2D/op_14.tga	3606	cdc51268dc08f8fec7f884de8466d109
Data/Graphs_2D/op_15.tga	3126	016782c81949e1833c0baf7cc67941f4
Data/Graphs_2D/op_16.tga	3138	1c8943386eaa260bde5aac79025ad33c
Data/Graphs_2D/op_17.tga	2818	16fd4b1398822be797b62c154e3cf702
Data/Graphs_2D/op_18.tga	3974	0a14c156880c8966d9e4b09bb23e7d09
Data/Graphs_2D/op_19.tga	3762	89784a7bba24427e06e62ada3b9cf370
Data/Graphs_2D/op_2.tga	3186	630302c9bd8723f6f39d47ea5215d851
Data/Graphs_2D/op_20.tga	3098	a874edc62d9735441aa699bcacc8acc8
Data/Graphs_2D/op_21.tga	3474	0902dd3d28bd0629d6b94bf8ad06def5
Data/Graphs_2D/op_22.tga	2744	a30198637e7d48659e0d277d79d04d9e
Data/Graphs_2D/op_23.tga	3186	77108c89c04bdc695195d23cfc65c812
Data/Graphs_2D/op_24.tga	2538	45b52233f56e7c969dfa17238a0a7780
Data/Graphs_2D/op_25.tga	3210	5960e4db382708860ddd816b0cc513c4
Data/Graphs_2D/op_26.tga	2904	8fc487e8d315037529f8fdebc0abd00f
Data/Graphs_2D/op_27.tga	3644	f4f17bba7403774c95ae19baf14c8b54
Data/Graphs_2D/op_28.tga	3330	7addf2d199cb5896639b365e250c3153
Data/Graphs_2D/op_29.tga	2598	b3df33e12501609cec31e05dfb178c63
Data/Graphs_2D/op_3.tga	4330	71577b2efa9c8e986c45aea5c15dbd71
Data/Graphs_2D/op_30.tga	3570	24e2b1ef472ff12979f7bf3a55452563
Data/Graphs_2D/op_31.tga	3802	617913a78013384d8c82eedb2a537405
Data/Graphs_2D/op_32.tga	2426	f6bf9a93a1d1dd6992e6064537ae7279
Data/Graphs_2D/op_33.tga	2418	e27fa265fb75992866e822048e2e4e89
Data/Graphs_2D/op_34.tga	2838	c5cc0c7794621c84ef74b1c54ff9ae77
Data/Graphs_2D/op_4.tga	3330	f4b7221be4db2d302ab5669653b75f4a
Data/Graphs_2D/op_5.tga	3010	57eb13b113bbddd306d6f0da8de98678
Data/Graphs_2D/op_6.tga	2254	74321d0d6dff98a4cd4e2b5d7f708945
Data/Graphs_2D/op_7.tga	3626	e2761860861f952f6eeabdbc00e19b7c
Data/Graphs_2D/op_8.tga	1674	d97b4bfa0bc3ffd99a4535d45a0da302
Data/Graphs_2D/op_9.tga	2932	439f83a7ea5a266ee781859d8a0513b0
Data/Graphs_2D/oph_0.tga	3496	40aebd78692bc275b017ed9717fcfbe0
Data/Graphs_2D/oph_1.tga	8418	ccfd128baf4f7997a988ba5f26956ef1
Data/Graphs_2D/oph_10.tga	8418	5789e3a1de406348df699dab54ab6c28
Data/Graphs_2D/oph_11.tga	8418	12f1e0c54d879b762bff8de014cabb65
Data/Graphs_2D/oph_12.tga	8418	b7ec96ef73ad30cb36846a3cea9758b0
Data/Graphs_2D/oph_13.tga	8418	6f5ab17aa245bae9d7eaebd210bfe9a7
Data/Graphs_2D/oph_14.tga	8418	90191d33528c9359050688a2ca6cfef2
Data/Graphs_2D/oph_15.tga	8418	dd485a808a7a681e621d7c50c89fd3b5
Data/Graphs_2D/oph_16.tga	8418	3aecb2069844689c65044c64935cdca7
Data/Graphs_2D/oph_17.tga	8418	29bb4c1688ade2af3032467039de3f68
Data/Graphs_2D/oph_18.tga	8418	cfc1592fca5799ef1f0743297b4eb828
Data/Graphs_2D/oph_19.tga	8418	607a3c9848a7ce7356106a91ca17789a
Data/Graphs_2D/oph_2.tga	8418	055ebfc6eab5815ee5b2396774a823fa
Data/Graphs_2D/oph_20.tga	8418	d348fc8f04564a075260c9cad4729c67
Data/Graphs_2D/oph_21.tga	8418	f2eee2ef59730e477279029ee9aa5799
Data/Graphs_2D/oph_22.tga	8418	67edc71eb5799fe49339b2c14311d36d
Data/Graphs_2D/oph_23.tga	8418	968b7ee48ba65bf83c60be8c9bef5cfa
Data/Graphs_2D/oph_24.tga	8418	932150f08fc40818bb14551528efc8aa
Data/Graphs_2D/oph_25.tga	8418	6ea4b4e2d1d3dd0b7ee177a6af0773dc
Data/Graphs_2D/oph_26.tga	8418	d6c0d00289bfe68f30cc03218582b145
Data/Graphs_2D/oph_27.tga	8418	06e2669b21f29ea313ca515456abb2e9
Data/Graphs_2D/oph_28.tga	8418	7682612f96be4e4b600d137158230ebd
Data/Graphs_2D/oph_29.tga	8418	751ddf91acd153c7de01d4fc7823c1b2
Data/Graphs_2D/oph_3.tga	8418	72f56addca1bc14362f7d49c8cf49877
Data/Graphs_2D/oph_30.tga	8418	a2fe403e57b6c7232feff8160058e6c3
Data/Graphs_2D/oph_31.tga	8418	9afb1fac024b994b9a3f576267e0efe9
Data/Graphs_2D/oph_32.tga	8418	3f5b0489ca9ab90f78dbfd856286f680
Data/Graphs_2D/oph_33.tga	8418	eaa69c9a2a937f980551c7aa5cc3309b
Data/Graphs_2D/oph_34.tga	8418	abbb835159436df3b56bfa2785989763
Data/Graphs_2D/oph_4.tga	8418	79adf159e9839f1f60f922278d32e1fd
Data/Graphs_2D/oph_5.tga	8418	cfdb91eb0a27dec59cb0e1e9751f6506
Data/Graphs_2D/oph_6.tga	8418	2e70b6239feb17686c4a3afb92645e2a
Data/Graphs_2D/oph_7.tga	8418	5fe91c08b215d569254f148c53ce3909
Data/Graphs_2D/oph_8.tga	8418	83d28c18357a980b7ad03bed201f2af4
Data/Graphs_2D/oph_9.tga	8418	ade6a2dc8024260d2c2328d5b0283bea
Data/Graphs_2D/retour.TGA	3570	f0c95cc809f35db97b45a93751c2b270
Data/Graphs_2D/Sablier.tga	902	78d7f8ac0f0d5b9f2c2160b5845aadb9
Data/Graphs_2D/za.tga	238	700c25a6e360094a72e559c41189411b
Data/icon3.ico	766	a55fbeb9f56eb99f3fb1ec5038e2247f
Data/mission.___	1751552	b03e8c7d1ca6af8a20e23f9fecf4559f
Data/MOVIES/a01_02.hnm	3835780	169752465b08074a66b2f3b7489c867b
Data/MOVIES/A01_032A.CVY	2240	85e24d9a22af09f956bf872f638f2e79
Data/MOVIES/A01_032A.HNM	254408	45b822711fe1d2c0de9a2d54d4f0280e
Data/MOVIES/A01_032B.CVY	2332	f1e198b991dc2dee1511e17d4d01bfe0
Data/MOVIES/A01_032B.HNM	54304	643e0784388bd5b1b06546492c22eb58
Data/MOVIES/A01_032C.CVY	3240	2a1264e4a823fa27edbf60a5db0ab4ff
Data/MOVIES/A01_032C.HNM	55764	a0e6058d895bdd6c935ba4fdec372d5d
Data/MOVIES/A01_032D.CVY	1964	7d5cf52e5c0de19e58e8911140ebcf53
Data/MOVIES/A01_032D.HNM	49084	2a3b151d862e19d6b5c0a73946392c8c
Data/MOVIES/A01_032E.CVY	1960	35fa4003649f1dad6481bcf223fa06cf
Data/MOVIES/A01_032E.HNM	46548	5711639e7a87aecc0d6c0f901bd9ec7d
Data/MOVIES/A01_032F.CVY	3260	a5600cf73c50387207450f22a708684e
Data/MOVIES/A01_032F.HNM	67464	acd20884caadd7f95aad62616aac5405
Data/MOVIES/A01_032L.CVY	748	7a5f656b98ae522c58fc9095af05e500
Data/MOVIES/A01_032L.HNM	214128	1fb27df73f2b948435bb2a7fb86900c3
Data/MOVIES/A03_012A.HNM	242328	c5135494942576751baca7b9fec0b40d
Data/MOVIES/A03_012B.HNM	118324	90778aa83e17884b13daa015b9e067f2
Data/MOVIES/A03_012C.HNM	113188	e4bb87d62ee0994418faf16bf833db9a
Data/MOVIES/A03_012D.HNM	132524	cd2c321551dd7230cb08db7abb70345e
Data/MOVIES/A03_012H.HNM	160960	5fb2284ea6030c5e45cd6911ececc18d
Data/MOVIES/a03_013.hnm	2050620	534549c30487767ec1bc95aae6998d4e
Data/MOVIES/a03_021.hnm	8137628	66038500686169eec6cc76eb1bc4ff7f
Data/MOVIES/a03_022.hnm	1728092	000e3b503350882ede8e09642949df0f
Data/MOVIES/A03_023A.CVY	8016	74c7522e6431b1f1086b4d603a255828
Data/MOVIES/A03_023A.HNM	1256912	9081ef93097371ea0852ed5f086e67ee
Data/MOVIES/A03_023B.CVY	12080	f549e15239449d29689c7214cc20054b
Data/MOVIES/A03_023B.HNM	863992	b775924d0e6625bf2778b5c035d00548
Data/MOVIES/A03_023C.CVY	4592	7da7a1bd8b21bfff4d26ea162f505f29
Data/MOVIES/A03_023C.HNM	1121836	d4c33fd55994bc9b0abe411eb74e5884
Data/MOVIES/A03_023D.CVY	12004	63cfcfb51bc026fcf1db36ee456cd64b
Data/MOVIES/A03_023D.HNM	855740	277fd1b9deed74a3ae2384a4315712e1
Data/MOVIES/A03_023E.CVY	18856	ecf6be733f147e15673b3ea994520d1f
Data/MOVIES/A03_023E.HNM	1251808	5b6e737ef9158a50938ce511f6ccf326
Data/MOVIES/A03_023F.CVY	15216	32b493fc21a34d6013b57df3df94c245
Data/MOVIES/A03_023F.HNM	1113332	64aa71c51e5fc3961975b90ccc9fc7a5
Data/MOVIES/A03_023g.cvy	19264	988218edb6e6a1e259510adab7c58fab
Data/MOVIES/A03_023G.HNM	1251468	d0395e476798d5fe196211e238ae03ca
Data/MOVIES/A03_023H.CVY	4176	745a8421392543c27a12029c23029e65
Data/MOVIES/A03_023H.HNM	1319480	c2d596b27613a1ae041a1f38555fd408
Data/MOVIES/A03_023I.CVY	14924	e9fd50667cac38ca02b13ab06f286008
Data/MOVIES/A03_023I.HNM	1125300	90743788e050ea762fbb0eeb35c2a7e6
Data/MOVIES/A03_023J.CVY	12004	2eb861f5d9a339cf8b678c4cd597d820
Data/MOVIES/A03_023J.HNM	856028	74bf0f894a639442fdb8336df625b158
Data/MOVIES/A03_023K.CVY	3244	25571769aa908aaaec1abd04401ed0a0
Data/MOVIES/A03_023K.HNM	886304	882f8b55d0d395c5d251a129b2f88f2e
Data/MOVIES/A03_023L.CVY	3972	b6d8d3118ace41ce5d92265d7efd9dd8
Data/MOVIES/A03_023L.HNM	1112388	3e4b6ddb25951ebd763466de0fe9afe1
Data/MOVIES/A03_03.HNM	2060852	ffbb03420ff559cbf63c8548da87a93d
Data/MOVIES/A03_042A.CVY	19172	604ef72cfec0060d4ba05577d0703cf8
Data/MOVIES/a03_042a.hnm	313584	85896b269f1d37ef2a1ff6244fab6a69
Data/MOVIES/A03_042B.CVY	56244	f34be33372e128133b063a7a6f36daa7
Data/MOVIES/A03_042B.HNM	489192	7c2d6030ee3aadf842d990f09c1aa241
Data/MOVIES/A03_042C.CVY	2660	2cd67801f2e40585ee369cab217073ab
Data/MOVIES/A03_042C.HNM	317880	fc579cc8733d02b6008905a4c74b731f
Data/MOVIES/A03_042D.CVY	57948	311307b482902ac98d93019bff217268
Data/MOVIES/A03_042D.HNM	459196	e46240fa74d7db0c646b5d8d6cb4c923
Data/MOVIES/a03_05a.hnm	1340376	b6b87e9b4028898f264003163fb4865e
Data/MOVIES/A03_05C.CVY	184776	b08e2449d17370a628bdeb6a91b4f2a7
Data/MOVIES/a03_05c.hnm	612400	652635688c44d3ae1102756b77a8fb1f
Data/MOVIES/a03_06a.hnm	1906176	0170364631d2b453a4fef152cda1c7f1
Data/MOVIES/A04_012.HNM	1761244	2d3e38de000734da8dfc4ff6e700bd16
Data/MOVIES/a04_02.hnm	5458576	f6ee6a7e37e21394ff36b27eea1a916c
Data/MOVIES/a04_03.hnm	4158044	dd8870e2b903aef289103972bc24af56
Data/MOVIES/A11_01.HNM	4926184	dbd2fc5119acf224fed2407ea82ad93e
Data/MOVIES/A13_011.HNM	1589580	7d98c4ee240518a1f159b19c9414da43
Data/MOVIES/a13_012.hnm	2742068	5576940a4285c661c4bba54992e6aa0a
Data/MOVIES/A13_02.HNM	1225792	5fef793bf585c3192a167b7ad9d91f61
Data/MOVIES/A13_04.HNM	2854624	b0bc2044925a610ffdae81338039e472
Data/MOVIES/A13_051.HNM	1456592	df9fe2d2dbcd80e6018031ddd5b1c714
Data/MOVIES/A13_052A.CVY	6564	440e673717d74cf9971309b409695f10
Data/MOVIES/A13_052A.HNM	619076	dbd27dd2a727e4d1518214d892452255
Data/MOVIES/A13_052B	1221528	0b6bb0dc6376caad1eba31a0af47bb8a
Data/MOVIES/A13_052B.CVY	7316	fcedaa79f820afe07a122566efcd6a8c
Data/MOVIES/A13_052B.HNM	718524	376821fc058b138067d2d3a27f78a682
Data/MOVIES/A13_052C.CVY	7056	0bcf8bd8617cff19931da3f5d13d3cf5
Data/MOVIES/a13_052c.hnm	863356	4efe442c0817a7690aa2710b0ee797cb
Data/MOVIES/A13_052D.CVY	4820	29b6154cbc5c5dbb1c7b126e2a081255
Data/MOVIES/a13_052d.hnm	411984	fb743735d7b4673154fee73757bd26e5
Data/MOVIES/A13_052E.CVY	2912	6569c75947e8f3085743b01e352a4198
Data/MOVIES/A13_052E.HNM	333476	9593150c0532df8806a507480dd899df
Data/MOVIES/A13_061A.CVY	25208	21d55814720674ed179c995e523cc467
Data/MOVIES/A13_061A.HNM	199820	5246904f1b4600e05d98835fa3ba6521
Data/MOVIES/A13_061B.CVY	42472	4886f3f1c632f101d1bff60965c08379
Data/MOVIES/A13_061B.HNM	435464	ff70418c2764c38c9178ddde56855fed
Data/MOVIES/A13_062.HNM	10036056	0aba38aa1e3e61e9687f9c2f5f80aee4
Data/MOVIES/A13_06B.HNM	772192	86ad6614dced63f7604bbd9eb3cdf2a9
Data/MOVIES/A13_07.HNM	1889148	b522a2bd6793337855609c1ed225063d
Data/MOVIES/A13_08.HNM	4450404	3cbe52c9e382dee06058d2068d62c2a8
Data/MOVIES/A13_09.HNM	7163496	8ed2a9af4f26092d122404f2016db71e
Data/MOVIES/A14_01A.HNM	418012	0e05fad4df26c7ff6b659549600a9ae8
Data/MOVIES/a14_02.hnm	2661592	b72ce579126039adcef2e6201e8a12c7
Data/MOVIES/A14_02A.CVY	896	033ae50a67d4c2d6a761b7158d22f256
Data/MOVIES/A14_02A.HNM	299296	ceb6d54baabd687b22fa9afc2f29f25c
Data/MOVIES/A14_031A.CVY	151752	0f1ac0c5a13475dff981d37dd6d05e0d
Data/MOVIES/a14_031a.hnm	1967116	f66d2985f581bc02b2728d152452ee02
Data/MOVIES/A14_031B.CVY	197396	a7ca5fc2958b00328243a17eb1bd65ac
Data/MOVIES/A14_031b.hnm	2203052	c9561c7d5dd0b8809844d8cf2b24fd9f
Data/MOVIES/A14_031c.cvy	60204	5a3883df6111c2fad3d52b4973f6f757
Data/MOVIES/a14_031c.hnm	779488	315573222df2667f9dae2369d4a33f41
Data/MOVIES/A14_032.HNM	460160	cae73b93ef2390d09fd85c660e172f14
Data/MOVIES/A14_032A.CVY	63928	0619116cbc635ce448bf49bb8a1f0f2b
Data/MOVIES/A14_032A.HNM	6756240	28e5a678f4b16172bac1b03102757188
Data/MOVIES/A14_032B.CVY	6492	af40ebd4cec31717cbc16495d95782c7
Data/MOVIES/A14_032B.HNM	234972	798bded45d14e4c873a2042b2472aaa9
Data/MOVIES/cafe.hnm	3753488	225a0172ca8a30f22604e2fbf2b8410e
Data/MOVIES/cafer.hnm	3838856	fe2abd3ca89e5103cc0306dcd85ab073
Data/MOVIES/chamba.hnm	3847972	5d03b9fedec4fe25385a6c3bf0086f11
Data/MOVIES/chambr.hnm	4244364	048b0a000253c38a7227a28a826b9f4f
Data/MOVIES/champ.hnm	3739908	01a37c4581182f2917ba4c2272972642
Data/MOVIES/champr.hnm	3876648	aef05aab539593daa61e30cb4f872759
Data/MOVIES/cinefin.hnm	6936204	be444ae588fc5c10f0c10d5b04a33199
Data/MOVIES/cinefin2.hnm	7114684	2fce17a79432d08584a0fc5e534876cc
Data/MOVIES/eglise.hnm	3907384	706f5fad6610dc999b9ef0aaa56b41c9
Data/MOVIES/eglr.hnm	4037880	6cdc4cf69d2d86d14f580d10bcab6fbe
Data/MOVIES/fin.hnm	7114684	2fce17a79432d08584a0fc5e534876cc
Data/MOVIES/hopi.hnm	3806336	28c12fac21356c375fe6cd5684534598
Data/MOVIES/hopir.hnm	3934924	ece14bc6a8b1a9d0861fece25fffad4a
Data/MOVIES/intro.hnm	12045544	1484569204d78b2da07db5e9532dcb7b
Data/MOVIES/jardin.hnm	3880640	0c62d26982de53e4b13a1dbc21632988
Data/MOVIES/jardinr.hnm	3731548	1e73fb607fc92b0867f0e694222bc9e5
Data/MOVIES/maisa.hnm	3869692	f28f105bec50c7bb9fd26944479521aa
Data/MOVIES/maisonj.hnm	3903792	6073ff6aa5afa6d96e359f39f980877d
Data/MOVIES/maisonjr.hnm	3971984	58b2b3c368e94e4bb6e166e36d2741dd
Data/MOVIES/maisr.hnm	3275956	90a9c15557e4110dec1c0136fcb6dfe1
Data/MOVIES/mangeurr.hnm	3838404	b8911aac0b1c3ecc0f9270c934b4c538
Data/MOVIES/mangeurs.hnm	3427168	41a39cbb4de2d13ee1e8de7547e11b56
Data/MOVIES/pluie.hnm	20467652	23bc859eeb5831d0732dadc38f9db3ae
Data/MOVIES/pont.hnm	3914400	043a7a1a59ded5587a78562bd92f748c
Data/MOVIES/pontr.hnm	3966808	58c6c26cffff1ec12dc352e47770036e
Data/MOVIES/Terr.hnm	3505524	77421b51ce8a92d91a3bf0dc370423da
Data/MOVIES/terrasse.hnm	3821080	7590f1df025747fe69734ed9d4bbf63c
Data/MOVIES/trans.hnm	3464012	ee070e5ba3e922086e4181ac9da3eee8
Data/Scenes_3D/auberge.BFG	3341988	01ab38c7975cf25cd7be0de4e884b23c
Data/Scenes_3D/cafe.BFG	3499002	ad21c06a51b0a293984b9bb63e813707
Data/Scenes_3D/chambreb.BFG	2352017	94fbf671f9ac4b1b6af947dba67bd808
Data/Scenes_3D/chambrev.BFG	709577	78228696ae749db0544aa752abac045b
Data/Scenes_3D/champ.BFG	3350720	69f113ecf22a28fc78c46df27ac8dfda
Data/Scenes_3D/eglise.BFG	3252026	4bfcbc0cc340235a2276b5add2d5834e
Data/Scenes_3D/hopiext.BFG	2771494	f9be7f821ac28558b88ca256840bef2d
Data/Scenes_3D/hopiint.BFG	2352696	5de09f8c1350f8192bffd51b7ff4eecb
Data/Scenes_3D/jardin.BFG	3225574	097d957c9a99dd19c7d451648edda708
Data/Scenes_3D/maisonet.BFG	2481016	662be132dcf8b574186d50448235b48e
Data/Scenes_3D/maisonj.BFG	4583916	9c5f05e6d10c349738fd43b194d27e70
Data/Scenes_3D/mangeurs.BFG	1747498	c58a93b2b70f05c5156632dd1ed1ae65
Data/Scenes_3D/musee.BFG	2768417	2919c0f5b40ece495d2b63d87d0d1c9a
Data/Scenes_3D/pont.BFG	3474193	151c4fbf74eb357c1a65034d636c8e8c
Data/Scenes_3D/terrasse.BFG	2925833	325198d271f42651dccc7c44302d0eeb
Data/SETUP.INI	3096	8666f30c64a0fbc25c0db9c55f2ab014
Data/SOUND/A01_031.APC	404304	d04e3c9c5bc3909f1440ff481c9d6af5
Data/SOUND/a01_032.APC	32225	ea9ca1ff14fd2fee76443fbb637c8690
Data/SOUND/a01_032b.APC	35532	ab380f89c94aeb603092b0dace97d704
Data/SOUND/a01_032c.APC	76325	0a514d7c5203220f35b9afe34e6ff5fb
Data/SOUND/a03_011.APC	231641	3d2de7d9f6151887e5495f20d6f2fc15
Data/SOUND/a03_012.APC	60816	0fbb597c025e819cf86aa225672e9fc5
Data/SOUND/a03_012b.APC	14452	c8704e71dbef638733c8282377ef9229
Data/SOUND/a03_012c.APC	12308	7190f2a8558d297448062eed76500e5d
Data/SOUND/a03_012d.APC	55951	e01b5a4193439222e6fc83e512e049dc
Data/SOUND/A03_012E.WAV	113970	edce342fafcbcb1e8628230c1fc63a14
Data/SOUND/a03_013.APC	131450	4643044944f84bba235693c0ddb37448
Data/SOUND/a03_013b.APC	171140	faf8f6941bd0aa851fe82b00c1fcf5e0
Data/SOUND/a03_021.APC	98375	2b513feaa1bc5ffdc3710085c9f9831c
Data/SOUND/a03_022.APC	207522	2678730ab2eae3d5a44dbe87912c9d24
Data/SOUND/a03_023.APC	52070	3a82a0ea5b78170631d90546487c387f
Data/SOUND/a03_023b.APC	121527	7f646399f83c9695756ab9528ee8402c
Data/SOUND/a03_023c.APC	61992	8e371cb02f8c95ebd546f25f5abe2695
Data/SOUND/a03_023d.APC	102785	d31847c90f9820a740d497623259c72b
Data/SOUND/a03_023e.APC	157910	a45a18c3be58468d9ef6fd82810c2868
Data/SOUND/a03_023f.APC	153500	6449935751d7fd9b843aa9913f0128ab
Data/SOUND/a03_03.APC	144680	e537a841f00b26c156e31de8eba13833
Data/SOUND/a03_03b.APC	362975	7abba6261450ee06feaab4507a4d3a75
Data/SOUND/a03_041.APC	432356	b04d3aa7afbb5ceda938f70ee6272dd9
Data/SOUND/a03_042.APC	49852	3ca5a4ec0bc024c75e70e5c388b411fe
Data/SOUND/a03_042b.APC	92212	945e8c82085656b0f610f0cdd0dbcab0
Data/SOUND/a03_042c.APC	139167	08b4645a65b9ada381219983764bc472
Data/SOUND/a03_05.APC	384583	94e3def45f5de88a6f0166b45aad5114
Data/SOUND/a03_051.APC	57582	787639e16aa471254fbddbea5c2c2b64
Data/SOUND/a03_05b.APC	25632	76e6aebe9df85d09f7baa9b694e6fbdc
Data/SOUND/a03_05c.APC	58681	a648e60d0d4d9ca2ffbf7311e0ec8962
Data/SOUND/a03_05d.APC	41223	c67f8b3f7b13c7a20d7f9c5004ea353a
Data/SOUND/a03_05e.APC	24220	dabcac14d0a4771284842d1556b15147
Data/SOUND/A03_05F.WAV	43236	db5fb7a183a5cb6b0fd4e3f1aeb93d1d
Data/SOUND/A03_05G.WAV	42650	f1efd0bb8ec8c6d58536b27ee1da07cd
Data/SOUND/A03_05H.WAV	34664	8b11726141ad83611a4a2cfcd444b1ab
Data/SOUND/a03_06.APC	311679	4f3f98dbfc00ec010f83595ea0feae37
Data/SOUND/a03_06b.APC	150722	66d420fe75496be345b010c638864c8c
Data/SOUND/a03_06c.APC	24163	4f5d4709052588128b3ab67c86c21f49
Data/SOUND/a03_06d.APC	27028	5062de9d585041e02992791db8894e2a
Data/SOUND/a03_06e.APC	33766	c7915113e7f2820595bf74d9e78b9dae
Data/SOUND/a03_06f.APC	25103	04eddb79e5a3ce4a3eaeef3a9f2dabfd
Data/SOUND/a03_06g.APC	75552	66310b9fd5fbacb75217c6e38e50c064
Data/SOUND/a03_06h.APC	54224	7cba65a0ae51aaf55cce7ffce397749c
Data/SOUND/A03_06I.WAV	476340	04f599695b430ec76ac6170d86d5da92
Data/SOUND/A03_06J.WAV	692404	1a0b44b551d3128def2c957a28163519
Data/SOUND/A03_06K.WAV	733364	e402c849e3709e057b35f43c9547dee4
Data/SOUND/A03_06L.WAV	455860	c020a67b31224b3f1db7eb110b22a060
Data/SOUND/a04_01.APC	256327	2ab64366744a6d8d8df74c54fdb14210
Data/SOUND/a13_011.APC	173345	26fb9b32652a91b7b662d586e82b89eb
Data/SOUND/a13_011b.APC	101682	db056ef329fffa2d759042f8dc8b0921
Data/SOUND/a13_012.APC	457432	350e7834d15107a3f35c172539437f6d
Data/SOUND/a13_031.APC	154602	6cb0a4f51be37e1477a1cdb5dd6e56b9
Data/SOUND/a13_031b.APC	112707	d1f0403e688152b5741209c9ae089bc9
Data/SOUND/a13_031c.APC	40404	789971f9d7df1310f9c1d9f0ec383bf2
Data/SOUND/a13_032.APC	31264	65d95e176a0ba7f9f182cff7a1911bc2
Data/SOUND/a13_032b.APC	36804	a7919a990cfa8a5175a5a9d921dea94d
Data/SOUND/a13_032c.APC	100580	23ae4b563af126a9c9cf6837f270796a
Data/SOUND/a13_04b.APC	291656	b1d866802d22f1f56af9bb84147093a8
Data/SOUND/a13_051.APC	345100	752570b724a559889fd91aba4f310ba9
Data/SOUND/a13_052f.APC	91760	89ef2ead34c7ab501b95be19ef9066ca
Data/SOUND/a13_061.APC	195395	be67215bda7b77dea50d163a08dfd9ca
Data/SOUND/a13_062.APC	891674	59186520903fa1f1a9c0cfe91fc5b665
Data/SOUND/a13_08b.APC	202272	1293e5cf4cee18f83a87900e51eb109f
Data/SOUND/a13_09.APC	1096393	403c2538b878a268a52e3423366b97c8
Data/SOUND/a13_09b.APC	318684	1884f0b534798ba10620535e9099043d
Data/SOUND/a14_01.APC	436842	277a4c23ca9fc9b2f4cf3e0a0210a311
Data/SOUND/a14_01b.APC	149090	66b5316e99ca0f29d004ce811311a1bf
Data/SOUND/a14_01c.APC	82940	c449f004de6dd5455ff5cb45d4cb94ad
Data/SOUND/A14_01e.wav	58854	33f0852776e3587e3f468839aadbe00f
Data/SOUND/a14_02c.APC	53087	77b0d4a9cc299caf655847dcce306ebe
Data/SOUND/a14_02d.APC	54104	7937f78f8f9a174761c1543c02a54cc4
Data/SOUND/a14_031.APC	161255	d03a8654e09157acea73e7444470e221
Data/SOUND/a14_031b.APC	112888	6875d36950bfb9c1929eadd145af2cfb
Data/SOUND/a14_031c.APC	72108	a2feb7a55328626fb70201c3bc552261
Data/SOUND/a14_032.APC	185912	0e843a9f9894e36139e5514891307f9f
Data/SOUND/a14_032b.APC	194448	e961cac919abee80a01be68a39479ae4
Data/SOUND/a14_032c.APC	400244	cf2f18ca82517c92ecc9be5e3021ced0
Data/SOUND/a50_01.wav	1504992	011842f8bd7c46c33651f6c618f40256
Data/SOUND/a50_01c.wav	611204	efc181061dece45cf423194137890fde
Data/SOUND/a50_01d.wav	276850	995009001175abe920d2918d2cf60dfe
Data/SOUND/a50_01e.wav	256474	54f2bb4b87768a2e186262b9d7d8726c
Data/SOUND/a50_01g.wav	774410	951dceaf5d9b4e95afe6dd8de221ea3d
Data/SOUND/a50_01h.wav	2447446	a0d01f9df12dcde433a1cc605c6863e4
Data/SOUND/apierre.WAV	889982	af6aba7ef63c91c83fea31eaec9ca1ca
Data/SOUND/armoire.wav	55296	40ef2bb17eb181c5574515115fb6a442
Data/SOUND/AUBERGE.WAV	1355822	97ae23606bd1c5948bb49935393f607b
Data/SOUND/BAR_OBJ.WAV	57542	17e96e167dafd226b0aa403ae6f94758
Data/SOUND/BAR_OUTI.WAV	33756	d73870cc320871a71035914b98ffcb53
Data/SOUND/Barriere.wav	113234	c507f22e7dd38f0d4a6dff22bc09e1fc
Data/SOUND/bebe.wav	328482	bf3ad51ef98d3269327918553feb9b60
Data/SOUND/billiard.wav	247850	bc9c1ab3908143d1db50576736e0ddeb
Data/SOUND/bouilloi.wav	143322	281a3ec06cb7a3a8d60682b64c33ccee
Data/SOUND/cafe_int.wav	929602	91b97a098db1ff76adc3ecf5ed935960
Data/SOUND/cafenuit.wav	1503882	b9fe2353aff07ff5e1075eb34a370082
Data/SOUND/Cc1_clic.wav	29776	aacea259a07345b2c95b9b9c08d759dc
Data/SOUND/CC_CLIC1.WAV	46554	af4495cc7a979631279116b817b131ef
Data/SOUND/CC_CLIC2.WAV	25080	10c31107af4c6ff838ae4b613a11a382
Data/SOUND/CC_CLIC3.WAV	38412	2f8b81f8ed71191609dff4b6d1ad7b31
Data/SOUND/CC_CLIC4.WAV	42198	d3bce47d20e4553da778c6edc3048291
Data/SOUND/CF_CLIC1.WAV	5928	b14469a2b595c957bf9983e5332c627b
Data/SOUND/CF_CLIC2.WAV	11760	7bfa418a31172669b0ab4abce3ffcccd
Data/SOUND/CF_CLIC3.WAV	3708	98c78decf6b498bdf9e5995ad974f1f4
Data/SOUND/CF_CLIC4.WAV	70602	a28ad40b446be89273916fee32c337b7
Data/SOUND/chaise.wav	77316	460bb68e07d915ca8d978d54113df566
Data/SOUND/ChaiseVG.wav	21868	52984669939060612a613dcc65002ec6
Data/SOUND/chambrVG.wav	1495082	e1668901ec89e961c5ee92e1a3ab1371
Data/SOUND/champ.wav	1964168	8b3a93c940600b0eb818906ae7acd136
Data/SOUND/CLIC_1.WAV	3726	14c5d37e09cdc96accb6ac08cd54d700
Data/SOUND/CLIC_2.WAV	2816	2b5313cd89a6856f1c39a6567b785fed
Data/SOUND/cloche.wav	139694	1537ba46a4113c65b0aef80ae24975d5
Data/SOUND/clochext.wav	137258	10a66baa90616087c88390a59bf358e7
Data/SOUND/CLOCHJAR.WAV	600046	90c4a915a6d790b648ae7447bf631f01
Data/SOUND/corbeaux.wav	145452	5f1639b514e4006c9c39ac0342b23467
Data/SOUND/coucou.wav	179242	f4759c1f4f559bcd2ba5cba5548ca83e
Data/SOUND/Credits.wav	5050242	449cbaccb042da75ca2745b5681ef8ec
Data/SOUND/EGLISE.WAV	1345070	58bb1d711dc82a02092539085eb62161
Data/SOUND/etoile.WAV	108658	a8c69450436957ea6602a344fbc7c24d
Data/SOUND/faux.wav	71224	6b14800c69ae5e1ce7ea8ebc90aa4aac
Data/SOUND/fenclaq.wav	434290	cc689f00cb507daa1ee06485f2ae6bce
Data/SOUND/FERMCAPS.WAV	50576	d11f14b9456498fab254fc518d90b99a
Data/SOUND/ferme.wav	1328676	2ee2dc24cfe4d2049af2c91926cb0a2e
Data/SOUND/feu.wav	127018	51d6e7d048bd5448d5a0de8bf175fc98
Data/SOUND/finfeu.wav	205770	6c022f0f45a681d27e39043aca3f8958
Data/SOUND/FLECHE.WAV	2508	a8042930a206aa09d64115cbc814e0da
Data/SOUND/fou.WAV	117360	b4535569f19c897193db33da3b02d86c
Data/SOUND/HA_CLIC1.WAV	8330	490e3c7c292a8123d37cdd70d27e3cb6
Data/SOUND/HA_CLIC2.WAV	26226	bf21303b433b21c4c9e6eef99ca1c1db
Data/SOUND/HA_CLIC3.WAV	30836	48947a164d1ce9d2015f3479cec6a393
Data/SOUND/hopi_ext.wav	1331242	c760cb709ef419c171fcefb00319c169
Data/SOUND/hopi_int.wav	2092374	b9512824929e80d7f8ef2bbe547da3c6
Data/SOUND/jardin.wav	1810308	1a977690324c3327638e3d91d9a99d9c
Data/SOUND/MAISJAUN.WAV	1441838	0dff409ebd2b4b6d39211fab4ab596aa
Data/SOUND/mangeurs.wav	597408	624f3cf557ad597b5a13a4a9e39023c6
Data/SOUND/miroir.wav	46842	9d80c7dfd1b666e99cb1fab680dc2770
Data/SOUND/musee.wav	1546794	541661405f773ba8361152a033fb9bd2
Data/SOUND/oiseau.wav	99512	bcb1b74286ab93d4840abb2734ee5f72
Data/SOUND/OP03.WAV	65648	9619214e7b0e2f5843b1b6ffcd76cbe1
Data/SOUND/OP06.WAV	51606	8c7c210711a49c5cb757bdbfd0075972
Data/SOUND/OP08.WAV	61684	378d2bc05695505a4494a4fde07d8a83
Data/SOUND/OP12.WAV	59272	0f34936cc1c1bb82771997ffafa5aef7
Data/SOUND/OP14.WAV	62222	287ba8b783bcdef222602c4e7c1ee972
Data/SOUND/OP15.WAV	52862	cbb84018f63514af27180da7c62056cc
Data/SOUND/OP18.WAV	50588	df967abd731785ae95f196d61cc0455a
Data/SOUND/OP19.WAV	85902	dada069d96c71f31a34e83fb2f9a7d4c
Data/SOUND/OP21.WAV	47546	55259addec665af5633abc7d27317f5e
Data/SOUND/OP22.WAV	53732	265d39fdaa69fdfca20df4bd6df3ec71
Data/SOUND/OP25.WAV	57588	6c1f3ca3dafefa15c14627690eac765a
Data/SOUND/OP27.WAV	84836	6eeeb9f94398a75801a25f944ab38617
Data/SOUND/OP28.WAV	92930	7769d8c57a8fc0d31aa9dea6abfeeb2f
Data/SOUND/OP29.WAV	89310	b209d17a0298ac901150504648229b8a
Data/SOUND/OP32.WAV	97406	46da9276f193fd772a2adf003b49da32
Data/SOUND/OP34.WAV	123032	40236ecf92cfb73a3af3245b3d37e579
Data/SOUND/OP_GENE.WAV	43926	3dbf1dd238847c2b5dc47a4d59c394b9
Data/SOUND/OUVRCAPS.WAV	49450	3d5fad000f089f391a2e3f19fad5393d
Data/SOUND/P_CLIC1.WAV	135058	7c407732b02481d912cb41d147aa8962
Data/SOUND/P_CLIC2.WAV	49510	83c50e07ac37ae81efa8b6621e717ceb
Data/SOUND/P_CLIC3.WAV	6256	d7cb1381d95ec2d66effc3e98d971e05
Data/SOUND/P_CLIC4.WAV	37996	c0a565ffe1bc2f556bc96dd3ce2cb5a7
Data/SOUND/PA_CLIC1.WAV	2782	243fdd5c41c041956a2d4989c386800f
Data/SOUND/PA_CLIC2.WAV	6600	df05ffb6e33fb6122c7025996b9e4247
Data/SOUND/PA_CLIC3.WAV	8516	6efe38afc191fe0a18c8474e5aa1a353
Data/SOUND/papier.wav	19526	02c108069b784a1f0a53c2bbc8b46389
Data/SOUND/PAS_VG.WAV	58416	04f301be57795db9507a03d059ab6f37
Data/SOUND/PAS_VG2.WAV	81150	0a6f486450873211b1b127873828c0df
Data/SOUND/pastrain.wav	639100	4ca9d1c9161d094fabdc836a69e5a109
Data/SOUND/pelle.wav	39294	3f149a6d38816b3c282f0adad822aa4e
Data/SOUND/pendule.wav	767558	1686b29e317d19daaff05828257ec9ed
Data/SOUND/pistolet.wav	51756	1b76e5a18a39ceba620b480c9fa0d647
Data/SOUND/placard.wav	69900	3e1273c11fc7fb958af600c0ff293a13
Data/SOUND/pont.wav	1605524	0e32d6e38835512d06809ce4dcb472de
Data/SOUND/pontlev2.wav	270896	9ce21ca760c5f0c0735dd1da39b432e6
Data/SOUND/porpoel.WAV	31366	238e8732e06561518725ed6c90bce7b4
Data/SOUND/portail.wav	113234	c507f22e7dd38f0d4a6dff22bc09e1fc
Data/SOUND/portail01.WAV	182544	f2b332d9877db079ec7cce820a05e83d
Data/SOUND/poule.wav	187640	ce3a3044c4c165c5d9fc1001ba8926bf
Data/SOUND/PT_CLIC1.WAV	4374	fc3a39e56c54d8109f6143a71b814c8b
Data/SOUND/PT_CLIC2.WAV	6312	c15789398d294d2a3794713a73293427
Data/SOUND/PT_CLIC3.WAV	8516	6efe38afc191fe0a18c8474e5aa1a353
Data/SOUND/REUSSIT.WAV	56166	77f88982552682a2963e2ae78a38051f
Data/SOUND/robot2.wav	420238	a00ecef24a945efde1d47bf03c06cef9
Data/SOUND/serrure.wav	34632	4cfd98546038adb2b4818746f6020688
Data/SOUND/shoes.wav	42596	403cf358fa3a60d00d1eff847e410f6c
Data/SOUND/sm03_012.wav	688564	3ab64ce1a25cad81f769e4096259c9a8
Data/SOUND/ss50_01g.wav	774410	951dceaf5d9b4e95afe6dd8de221ea3d
Data/SOUND/store.wav	287080	7ef7ab17e7e1f666e5a1df810ee42ff6
Data/SOUND/tictac.wav	75468	03e5617ea6c03b642db2281a727b1191
Data/SOUND/tiroir.wav	44376	510168eb3e25b332a7e61d67bd1b8d26
Data/SOUND/TOURNESO.WAV	17368	6ceca126663146b1825fd274701e0b43
Data/SOUND/trappe.wav	56844	0e5ed9dd1f8ed6b81fdea4a045a60529
Data/SOUND/VASE.WAV	70700	461be2a29546b9cf981ab988d4a11fde
Data/SPRITES/A01_02A.SPR	1578040	d04692cbf795869eab2f358d84e24ede
Data/SPRITES/A01_032A.SPR	50568	ff14cac3d30b7ff6be509aa2768c1b9f
Data/SPRITES/A01_03A.SPR	1612364	57c115bd653e102cb07e1f7f556bfc2a
Data/SPRITES/A03_012E.SPR	33752	b0158457880ce074d1b3817e7478cf87
Data/SPRITES/A03_012F.SPR	33648	78d55668a28095bd67e4d1e8f4a2af0b
Data/SPRITES/A03_012G.SPR	33752	5d6195d60e0d9792940623164c87f35f
Data/SPRITES/A03_01A.SPR	1467468	116e2e52b9ffa5699d1e805ff80ce4d2
Data/SPRITES/A03_02A.SPR	1541648	71205ecac3b295292b2668acd37bd2cc
Data/SPRITES/A03_03A.SPR	1400036	ab1afbf6261a2dcdcf61dc1ad71a185f
Data/SPRITES/A03_042A.SPR	11452	2e3b9b634beaf289cd5f2da074928497
Data/SPRITES/A03_042B.SPR	32884	5cdce8e2048747431e248e96a4df1505
Data/SPRITES/A03_04A.SPR	1434168	df61cf1ab8be5bfe79fd457c571e7d48
Data/SPRITES/A03_05.SPR	10172	133788fb4cd12750dfa7b47a06319769
Data/SPRITES/A03_05A.SPR	1471976	78f9cea817367e78453b502124a0b849
Data/SPRITES/A03_06A.SPR	1461344	a6f72b07228b2a837240fd9ed566f42c
Data/SPRITES/A03_06B.SPR	55744	861669108c5fd18f66a61ceeb85351e7
Data/SPRITES/A03_06C.SPR	576408	1ea50d39118b675ffef69794e2a76f90
Data/SPRITES/A03_06D.SPR	392012	7cbb1971c271edd10b4ba7315438536b
Data/SPRITES/A03_06E.SPR	164152	f46afc4690a44e961785955dbe3f7be0
Data/SPRITES/A04_01A.SPR	1279804	7e360e79df0fd3dfc4fdaf75755b7fac
Data/SPRITES/A04_02A.SPR	1276268	eda1f86aca4e2f0f54eff6aa3e31523c
Data/SPRITES/A04_03A.SPR	1497892	2f0fd24edf186dca515a1d9880208f8c
Data/SPRITES/A11_01A.SPR	1247580	3e17341586c20e2e8f6e3d5236192632
Data/SPRITES/A13_01A.SPR	1554036	a4c8abcf9fecd443b51c76f322da4cc1
Data/SPRITES/A13_02A.SPR	1168324	acc1e1d27f9a0253ec9d3173e3be8624
Data/SPRITES/A13_031A.SPR	37248	33fd5e61d28966abc02290f15250ed40
Data/SPRITES/A13_031B.SPR	191532	1d8b540bbe3da2256e5b2b25a50168af
Data/SPRITES/A13_031C.SPR	38860	95893321d2a6eab4515155bcff1d7e24
Data/SPRITES/A13_031D.SPR	173480	8820f7889c9d163e58b10adb94a7a42e
Data/SPRITES/A13_031E.SPR	45764	2e3fcc492080df543b2f8341e804b664
Data/SPRITES/A13_031F.SPR	460644	f3dcd1d9ef2a44a02c75fe0b5253c393
Data/SPRITES/A13_031G.SPR	8936	3089a646bdad43772ba14a3d6aade303
Data/SPRITES/A13_031H.SPR	68032	b7b4a2933b61b2bab315c26965e76acf
Data/SPRITES/A13_031I.SPR	35908	71f0d4d151b4f4739067a459a3e9bca7
Data/SPRITES/A13_031J.SPR	169432	597019f74508906f942f09290deceb45
Data/SPRITES/A13_031K.SPR	14888	1c0f957606abb02c2b24e85c2200af23
Data/SPRITES/A13_031L.SPR	83352	4e8aef18983afdc45ce10e5eaf3da94f
Data/SPRITES/A13_032.SPR	328980	02ba0952f1e620d65bc6843bc3fe5c0a
Data/SPRITES/A13_03A.SPR	1370660	5a18ebec38d4417e3dd83317d219977a
Data/SPRITES/A13_04A.SPR	1561472	0f0d4514b91a2f8f60d0872d64da5478
Data/SPRITES/A13_05A.SPR	1492244	2cbdd3dfdf0c3e54d06a8dac0cccbac9
Data/SPRITES/A13_061.SPR	139712	75ba857b47e76c61a90a2b2f05250946
Data/SPRITES/A13_06A.SPR	1496344	7297f875e07f70118546b5806a1b5434
Data/SPRITES/A13_07A.SPR	1491892	956c3e88f80ea8fcb5c07314d65f0d62
Data/SPRITES/A13_08A.SPR	1502684	f58bee4961780ddab7eaf7921f067358
Data/SPRITES/A13_09A.SPR	1492612	139cc365abdb9dab9985f73bfdc86b62
Data/SPRITES/A14_01A.SPR	1467924	b92466a6223865409a7140ddbdf6448b
Data/SPRITES/A14_01B.SPR	806564	84e54914a5d4ff7d469011c1b3882e6f
Data/SPRITES/A14_01C.SPR	992516	29cb7ae747a442baf7efac3478068682
Data/SPRITES/A14_01D.SPR	992516	3dd1570e2e8d01f824c1433cd620e7d9
Data/SPRITES/A14_01E.SPR	392196	1403388e7f3d1145d89371bd8bc2155a
Data/SPRITES/A14_01F.SPR	392196	b8790783cfb14fab3e2784271594cbe2
Data/SPRITES/A14_01G.SPR	392196	be60622d6ee6bc582a107b454067f4ae
Data/SPRITES/A14_01H.SPR	751300	8cbdf3f0fa7d9ac7920254b8dad2c340
Data/SPRITES/A14_01I.SPR	751300	84f74fc75958af0b1413543831cdfac6
Data/SPRITES/A14_01J.SPR	751300	62ea3d6ff89dd646c21cacd7bddc5244
Data/SPRITES/A14_021A.SPR	21952	0ca53ddd1550a65f4f23e8a7d3297008
Data/SPRITES/A14_021B.SPR	86984	60b44c3132e5a1075a380bdadcd8f7e1
Data/SPRITES/A14_02A.SPR	1487508	f619203ba25af98a29a15d49ed247a83
Data/SPRITES/A14_031A.SPR	142052	d36d59d0808a05bdb40e35683cc997b7
Data/SPRITES/A14_03A.SPR	1528280	24c3dc51a195e2c716b7fceb49c52377
Data/SPRITES/CAPSAC00.SPR	329824	72be6e5944c0c1f724d4319fe117e7c8
Data/SPRITES/CAPSAC01.SPR	329824	664d507e9d61ed6a96f83ab5efd7cde4
Data/SPRITES/CAPSAC02.SPR	343144	6286451417ec2a4f1391d378a9ad8e89
Data/SPRITES/CAPSAC03.SPR	329824	5ff22fd4c9da6c885187d7abd14036a8
Data/SPRITES/CAPSAC04.SPR	329824	f2f87d03502e259d428fd3440d06bd09
Data/SPRITES/CAPSAC05.SPR	329824	b98f2dbb030e8d36ae10b2e5da9d9a51
Data/SPRITES/CAPSAC06.SPR	343144	4558c145f9008d39b6b2049ce227a1b4
Data/SPRITES/CAPSAC07.SPR	343144	86a7c83f360871ebe1cacc647598af23
Data/SPRITES/CAPSAC08.SPR	329824	b7b24590c2fcb9c26af272e2b3433660
Data/SPRITES/CAPSAC09.SPR	329824	92d44c8a29e269367d21df4b239770b5
Data/SPRITES/CAPSAC10.SPR	329824	c3f7349dfcb016532f3a1ed7ab5232ef
Data/SPRITES/CAPSAC11.SPR	343144	dd8079e50663e58f637530895957d4de
Data/SPRITES/CAPSAC12.SPR	343144	279a73b2338655222d052a1a7673e549
Data/SPRITES/CAPSAC13.SPR	329824	eea416699fc99bf1eb8bea97dac668b3
Data/SPRITES/CAPSAC14.SPR	343144	95412716f8c5c6d201f6dec45f30b545
Data/SPRITES/CAPSAC15.SPR	285848	7e1bb55b35e059232a98b6c96f4116c6
Data/SPRITES/CAPSAC16.SPR	329824	a88b52e3a860eab42de47ffd67217bd3
Data/SPRITES/CAPSAC17.SPR	343144	50e58d833822e5da7edb0dc9fb2e1533
Data/SPRITES/CAPSAC18.SPR	285848	4b9f3ff0bdfb03b806d656e1e7007caf
Data/SPRITES/CAPSAC19.SPR	329824	945334b6c83cc0122b09077fec4aa54a
Data/SPRITES/CAPSAC20.SPR	343144	2e3ca02e022364a26189c84ef0270d71
Data/SPRITES/CAPSAC21.SPR	329824	e6d66cee4c76faddd761e892bc586e3c
Data/SPRITES/CAPSAC22.SPR	329824	f6ddde0339e8a3a9340c37aca1a1d08e
Data/SPRITES/CAPSAC23.SPR	343144	3be13422fa9c785e39407549fd52d53b
Data/SPRITES/CAPSAC24.SPR	329824	16968109d908ab6c66eca3a082ec510b
Data/SPRITES/CAPSAC25.SPR	343144	94cf94fed9fbf8561931d3d3dce5c630
Data/SPRITES/CAPSAC26.SPR	329824	114d37cb35898503c9f9923e81330d69
Data/SPRITES/CAPSAC27.SPR	329824	40d4c7e33333ab9978c86a687613f777
Data/SPRITES/CAPSAC28.SPR	329824	512f92793a8b300ae801580f3001b131
Data/SPRITES/CAPSAC29.SPR	329824	d7614aa214409303c780ffaa5adfd2e8
Data/SPRITES/CAPSAC30.SPR	343144	efa134140a244c9fc709d873ab298898
Data/SPRITES/CAPSAC31.SPR	329824	465545997643f0d8fcc431b7d4dffe18
Data/SPRITES/CAPSAC32.SPR	329824	dab411dbddc4660ba0ba41ce00e3ba74
Data/SPRITES/CAPSAC33.SPR	329824	0f5dd42c862b9a998ce3ff0d0c9ef8c5
Data/SPRITES/CAPSAC34.SPR	329824	1d75e6eeb001eed595f97b67ab3b42f7
Data/SPRITES/CAPSAO00.SPR	307836	057254c408af78f586a8a6284f2921a0
Data/SPRITES/CAPSAO01.SPR	307836	1719f23840c712a9fb03f0b375ba738d
Data/SPRITES/CAPSAO02.SPR	320268	12f0b447d74fb6e92d61da735a1f4551
Data/SPRITES/CAPSAO03.SPR	307836	3bced7b6c2b2175a5ead66f7061cead1
Data/SPRITES/CAPSAO04.SPR	307836	d7cf3fe38cffb453c54490897270a353
Data/SPRITES/CAPSAO05.SPR	307836	5b8642f4aea0eadf84492fe9268684b6
Data/SPRITES/CAPSAO06.SPR	320268	fd788c4d7da49416bad7b026ca0968a1
Data/SPRITES/CAPSAO07.SPR	320268	489810e6a60728995e5e45bb52574f2a
Data/SPRITES/CAPSAO08.SPR	307836	24dc6302264430a5cc3d5bc61cac3787
Data/SPRITES/CAPSAO09.SPR	307836	738d7cc02554cea0205de939e2919fcb
Data/SPRITES/CAPSAO10.SPR	307836	eae09eb794155eb8e14ca6113a39c400
Data/SPRITES/CAPSAO11.SPR	320268	a61ea5a7a4751e8f7eba4b7ab1525764
Data/SPRITES/CAPSAO12.SPR	320268	a3a1db4fad806aea16d927b7502f4e6b
Data/SPRITES/CAPSAO13.SPR	307836	283f06ec9b66d9915f498a75018e5ed6
Data/SPRITES/CAPSAO14.SPR	320268	55d03217ebd77a4ce038b0bbe530c109
Data/SPRITES/CAPSAO15.SPR	307836	ecef81ccab26fba40d16797b6d2b2751
Data/SPRITES/CAPSAO16.SPR	307836	20dab736e4d727f102d916096568aa12
Data/SPRITES/CAPSAO17.SPR	320268	5df73f149b5c2ce1ad3239110fb6490f
Data/SPRITES/CAPSAO18.SPR	307836	fc99fc9eea754b702601a692274b6e9c
Data/SPRITES/CAPSAO19.SPR	307836	5ddc61526de54d80812e37ce6015d7ae
Data/SPRITES/CAPSAO20.SPR	320268	4af60a64f30a44f25f5d861c76671a53
Data/SPRITES/CAPSAO21.SPR	307836	5d97b731e6b03c9bf60108eb35137921
Data/SPRITES/CAPSAO22.SPR	307836	c2be734f9cb3d8a6d60fd08c817512c8
Data/SPRITES/CAPSAO23.SPR	320268	9201811a7c7ffd87362207d3a4eb5f15
Data/SPRITES/CAPSAO24.SPR	307836	6795a06cd3324bdda62654aae73169d6
Data/SPRITES/CAPSAO25.SPR	320268	0eba918305340da928a1ac5a4404995b
Data/SPRITES/CAPSAO26.SPR	307836	b38af492c7e18cf3bafc9118b13e3d0d
Data/SPRITES/CAPSAO27.SPR	307836	7c5359f398142b9863de891d3b55b625
Data/SPRITES/CAPSAO28.SPR	307836	75fbe2ad7a0f133ac7190e13acc76e8f
Data/SPRITES/CAPSAO29.SPR	307836	2898f9437495a6acb268bebc26c5b6b4
Data/SPRITES/CAPSAO30.SPR	320268	8865f35cee3427564068dc321a186d68
Data/SPRITES/CAPSAO31.SPR	307836	2b616e8dfcf6fb86befa340670792072
Data/SPRITES/CAPSAO32.SPR	307836	b3e6e166d9fe83e358a08bd3db374d5c
Data/SPRITES/CAPSAO33.SPR	307836	fc90bd1bc5086069531a2b562965847d
Data/SPRITES/CAPSAO34.SPR	307836	410e0d5a95001507884523b86f4a41e4
Data/SPRITES/CAPSE00.SPR	21992	555681b911849d4d18616f5cd4478ae2
Data/SPRITES/CAPSE01.SPR	21992	b009c1a4188783c9569747b747c996b5
Data/SPRITES/CAPSE02.SPR	22880	2beabe87ddfc867f95b02dec6680d9da
Data/SPRITES/CAPSE03.SPR	21992	80f1083213c0ae12cf77af0c7fe9f082
Data/SPRITES/CAPSE04.SPR	21992	3cf720973a4f96a5c4eccaa784699c36
Data/SPRITES/CAPSE05.SPR	21992	4fa29ede8809743516b3efd78d6e2818
Data/SPRITES/CAPSE06.SPR	22880	665025ca1367f16ef4d471f6bc4ab82c
Data/SPRITES/CAPSE07.SPR	22880	1252329e2e2b4ddd272add103139e269
Data/SPRITES/CAPSE08.SPR	21992	a04c3ae511ce8da307cc18c6f5a28031
Data/SPRITES/CAPSE09.SPR	21992	60a5cf4f9b1b77aaed4fd57c686b847c
Data/SPRITES/CAPSE10.SPR	21992	a4344d3b9f6235ab05bfb03c03d43562
Data/SPRITES/CAPSE11.SPR	22880	06728c9e586e7859518aa1099bb60b12
Data/SPRITES/CAPSE12.SPR	22880	35043c852784cc9d77af318418b682b7
Data/SPRITES/CAPSE13.SPR	21992	5d60844c60e856cdb88f5df4d0219e75
Data/SPRITES/CAPSE14.SPR	22880	b3cb541f7717db4be77050ce9198eb77
Data/SPRITES/CAPSE15.SPR	21992	1fcc2216fd98304d4b32fed6ded8d142
Data/SPRITES/CAPSE16.SPR	21992	1c8a795a2e26489008875b3b45017346
Data/SPRITES/CAPSE17.SPR	22880	016a4f77a00f2918e27c3f9aedb8a5ed
Data/SPRITES/CAPSE18.SPR	21992	b1f27569c39bf8ba671d52ae849f21af
Data/SPRITES/CAPSE19.SPR	21992	f97d958b117b9fb354359b3eb4b5dbc9
Data/SPRITES/CAPSE20.SPR	22880	0937116939d705fa33e87b0f728f7900
Data/SPRITES/CAPSE21.SPR	21992	16d7c14ae3aaba08d989750f7d5e1d1e
Data/SPRITES/CAPSE22.SPR	21992	4c8955cec116adc7897b20d38afa68e4
Data/SPRITES/CAPSE23.SPR	22880	39cc4c6c33df9c61365afadd174bfac7
Data/SPRITES/CAPSE24.SPR	21992	c7b0fc3e535392688dc26f3f98615192
Data/SPRITES/CAPSE25.SPR	22880	dab7d1649015a05b9930831f3d77d3b5
Data/SPRITES/CAPSE26.SPR	21992	3592c4bf77c9211db3eb14eeda554cda
Data/SPRITES/CAPSE27.SPR	21992	f974246b41e11ca39f2d785b0b6441d7
Data/SPRITES/CAPSE28.SPR	21992	5a499274ee4d3c8777cc9b78fee4b801
Data/SPRITES/CAPSE29.SPR	21992	98d0ffec6112413646c5085e1180cb52
Data/SPRITES/CAPSE30.SPR	22880	079efe0c5794c24aa116a9942b06cba7
Data/SPRITES/CAPSE31.SPR	21992	b5b2907915d599f6c67f9e3e0c49572f
Data/SPRITES/CAPSE32.SPR	21992	8531861821161cebe39b4374353cc170
Data/SPRITES/CAPSE33.SPR	21992	ff013f35296104ac98ed28f758333880
Data/SPRITES/CAPSE34.SPR	21992	f98368c43418ccbd6236e5d0e0535622
Data/SPRITES/CAPSOP00.SPR	461752	13f913bcdf31c0a4e3bbdec36cc4f96e
Data/SPRITES/CAPSOP01.SPR	461752	dccf75834cfaf4d9a4fc6ed57b9621e5
Data/SPRITES/CAPSOP02.SPR	480400	3bf5edc3d710293471c5986b04ec1e07
Data/SPRITES/CAPSOP03.SPR	461752	9e9b4ab67cde0229a0cc705a5029e458
Data/SPRITES/CAPSOP04.SPR	461752	40be54d2c513418c4e9e383536c5bd18
Data/SPRITES/CAPSOP05.SPR	461752	ce9d9517573e211f2738a56003c0a312
Data/SPRITES/CAPSOP06.SPR	480400	ec5f3ad51d3e9a6a2254c31591828787
Data/SPRITES/CAPSOP07.SPR	480400	800ddb49cb6cefad85c9894c4fc49011
Data/SPRITES/CAPSOP08.SPR	461752	f11835d1f0f09c2d4aeb5f717e51ecad
Data/SPRITES/CAPSOP09.SPR	461752	8201820cbd6275cc1c5144865f806bef
Data/SPRITES/CAPSOP10.SPR	461752	f5564797c0bb1915896fc09adabafe15
Data/SPRITES/CAPSOP11.SPR	480400	8518b47b7179cac08d7e2d9d75d46bab
Data/SPRITES/CAPSOP12.SPR	480400	1925c1ae38403ce1589fa94ebb82970d
Data/SPRITES/CAPSOP13.SPR	461752	2c3f8258d29ce78f15cf0c8bceb03ce2
Data/SPRITES/CAPSOP14.SPR	480400	d56712c7785cd0e815cab149dfff7deb
Data/SPRITES/CAPSOP15.SPR	461752	73ef4a63e8bf0874082ddaacdf275c8f
Data/SPRITES/CAPSOP16.SPR	461752	85ce4c00859011ecbaaec24c691fcba8
Data/SPRITES/CAPSOP17.SPR	480400	a79cd47f6e089b5ee8bfef22403db1e9
Data/SPRITES/CAPSOP18.SPR	461752	ceac1e2e4af9ab5ad9386b85438aa5ec
Data/SPRITES/CAPSOP19.SPR	461752	ecdf97d64f3f6b40a931a1b23ef9245f
Data/SPRITES/CAPSOP20.SPR	480400	41bd5ac345be9a97c06e71f9e1bf46d2
Data/SPRITES/CAPSOP21.SPR	461752	6b7391d1014f7c4076eb15fe6ccbd819
Data/SPRITES/CAPSOP22.SPR	461752	509c509752c18d48f936c6da87ac6ac1
Data/SPRITES/CAPSOP23.SPR	480400	17d749a9018481234e52d629518a4f19
Data/SPRITES/CAPSOP24.SPR	461752	f0ea82f673c7e7a6e8dcd2ea72a10f7b
Data/SPRITES/CAPSOP25.SPR	480400	2ba9aeff1847d1839e6b497da7fd17fc
Data/SPRITES/CAPSOP26.SPR	461752	c015ae99e623dd320ee808543e7348b6
Data/SPRITES/CAPSOP27.SPR	461752	1abe6795952b474064ad7d3925c54939
Data/SPRITES/CAPSOP28.SPR	461752	5430ac5b181539655bfa17fb473693d7
Data/SPRITES/CAPSOP29.SPR	461752	dc46e28c80661bc45f98d057727b1550
Data/SPRITES/CAPSOP30.SPR	480400	67f8acf702c9fc91662fde6d3a91286b
Data/SPRITES/CAPSOP31.SPR	461752	a731297439f9a6ee6a38ce9ea329c8ce
Data/SPRITES/CAPSOP32.SPR	461752	5a70d4b95d044114f38f02b046f3813a
Data/SPRITES/CAPSOP33.SPR	461752	0dc66a816ed98b9111a19c0fb2b6efbd
Data/SPRITES/CAPSOP34.SPR	461752	56eb3c46ea23993f68730cc7b05887be
Data/SPRITES/COUNT.SPR	15492	0ae2b86042235efd6f1a041ede6381e9
Data/SPRITES/CURSEURS.SPR	6144	6cfe639930625553eff590fb34fa90ec
Data/SPRITES/CURSOPT.SPR	1092	1e4d357b6d822b96e3557eebc4ebf7ee
Data/SPRITES/INVENT.SPR	90284	4d0066e1d15bc3338d86064a7f7c9d14
Data/SPRITES/LCAPS.SPR	104232	e3832a03fd4e4ad377191ac3e526d7e3
Data/SPRITES/LOUPEIN.SPR	136900	07f29a5a6f92dc0e8cc2e08624724032
Data/SPRITES/LOUPEOUT.SPR	125492	5cba197025cbe02f74f0742601c4c413
Data/SPRITES/OP.SPR	28136	21de9c2dea4785ee1362fe795870a673
Data/SPRITES/OPI.SPR	294284	c70d1603b1e7f9155c593e8de419fae9
Data/SPRITES/OPTIONS.SPR	330908	15ff0f36378e84d5165e77818e7b81c6
Data/SPRITES/PA01_02A.SPR	870036	c2eddd87b7bbce9a9404856f324a5a9a
Data/SPRITES/PA01_02B.SPR	24632	e38f43557fc7129bac24278bdc9e9305
Data/SPRITES/PA01_02C.SPR	887192	48b57e0cc814097a2f82c1190160b8e5
Data/SPRITES/PA01_03A.SPR	576168	5d4e2896e0670f93bc4af768925d44a7
Data/SPRITES/PA01_03B.SPR	24508	b99ce29973d78d16457ca4f0bf2f5abd
Data/SPRITES/PA01_03C.SPR	373480	a77532187bf908cdee09e7136579a7f7
Data/SPRITES/PA03_01A.SPR	579616	1a9fa6144e762233f2ef128c07c8cb10
Data/SPRITES/PA03_01B.SPR	24736	b5be4b888b5bbb2e34a19a8aa98aba2e
Data/SPRITES/PA03_01C.SPR	375388	140a36188bd95cca300883542513fcec
Data/SPRITES/PA03_02A.SPR	580292	18c51eff75ed57bc952fdb38d0e663d0
Data/SPRITES/PA03_02B.SPR	24792	59576aa75b63f103c2ce1340321c3858
Data/SPRITES/PA03_02C.SPR	375792	c3b75d2e047c6e044039f4f140aa0aaa
Data/SPRITES/PA03_03A.SPR	580024	7c8bfaf381b26f4265b10e2a191c563f
Data/SPRITES/PA03_03B.SPR	24780	c7015ecdd6e07e2e9fe69c144b6c8a32
Data/SPRITES/PA03_03C.SPR	375708	6d2fbe1599c6750d3e89484b08ef63ab
Data/SPRITES/PA03_04A.SPR	579024	5a4bfe25328dd6c23314d9bad051b224
Data/SPRITES/PA03_04B.SPR	24692	fd00e0a4af3e1a2adb446b265de0073a
Data/SPRITES/PA03_04C.SPR	375004	71e18b24291b51bc526dc7692261f750
Data/SPRITES/PA03_05A.SPR	578660	38c81f69c8729cdc96d46271792a4de0
Data/SPRITES/PA03_05B.SPR	24688	2800c702871be08c178b075d05af0fb2
Data/SPRITES/PA03_05C.SPR	374868	a80eeb01cf72f1f46eebd407d9bfd283
Data/SPRITES/PA03_06A.SPR	580236	3211bf3f633e70f60749ee4b1b0c8a12
Data/SPRITES/PA03_06B.SPR	24780	051ad6ee5ef16abe3762ef6e2b306f9f
Data/SPRITES/PA03_06C.SPR	375720	614774d88c245bee05484b0457b9682a
Data/SPRITES/PA04_01A.SPR	870252	744071cac5a639dc78aa5680ee0629cc
Data/SPRITES/PA04_01B.SPR	24644	fca582535b9a4341da9675ec12478d38
Data/SPRITES/PA04_01C.SPR	897912	4f0308c5e768bf73eaae26d717bce827
Data/SPRITES/PA04_02A.SPR	869836	3d058f5f9a484c6c5af6d87d3d6c5260
Data/SPRITES/PA04_02B.SPR	24628	cb56db75c1c1f663d6c9a4567d23d718
Data/SPRITES/PA04_02C.SPR	886812	650043a2e3330ed3271cca5743b7cba8
Data/SPRITES/PA04_03A.SPR	578692	31c100e7540de18781bab883d98f8734
Data/SPRITES/PA04_03B.SPR	24688	2800c702871be08c178b075d05af0fb2
Data/SPRITES/PA04_03C.SPR	374868	0f9e2dcd8e11a5c2896c4ce6f7a132d9
Data/SPRITES/PA11_01A.SPR	576448	0df3dc4da9e8bd7020cefdaf4b95f60f
Data/SPRITES/PA11_01B.SPR	24544	4f13f3ad8ff21cc3492a4ae4ef83b99e
Data/SPRITES/PA11_01C.SPR	373584	91ad9c8e7e3ce60f17512c62ee4e9367
Data/SPRITES/PA13_01A.SPR	577580	733dffbc3a395a5ccd24d18ce083e974
Data/SPRITES/PA13_01B.SPR	24608	34cca97c29e5d0942c1ac16f1bb47773
Data/SPRITES/PA13_01C.SPR	374192	9e56926e7c824371f0b7f44f69d2fb55
Data/SPRITES/PA13_02A.SPR	872444	6d5702eb513b15770f42d3cf5cae8353
Data/SPRITES/PA13_02B.SPR	24720	051bc5bfe2f9646fb9eeb7c90aca265b
Data/SPRITES/PA13_02C.SPR	897060	a62d53276f0bc1174141486783b4de81
Data/SPRITES/PA13_03A.SPR	550584	dc05b824c913ffee478b74e35093273c
Data/SPRITES/PA13_03B.SPR	23784	c9fc0386da43f44ccd43d8dcd4d70018
Data/SPRITES/PA13_03C.SPR	329192	2462319e672f3fd3f39725e5d6c0388e
Data/SPRITES/PA13_04A.SPR	579404	e4a2b7eac8fec9a62eb5927a88c5594b
Data/SPRITES/PA13_04B.SPR	24752	8c60c56d040d5bbceb2264ea05989ebb
Data/SPRITES/PA13_04C.SPR	375324	cc009122f0db37b4344acf0b87b69bb2
Data/SPRITES/PA13_05A.SPR	578504	2c1241c90746d8e3381b7194a879e71e
Data/SPRITES/PA13_05B.SPR	24688	2800c702871be08c178b075d05af0fb2
Data/SPRITES/PA13_05C.SPR	374868	e0956026df413a3411b5c9e509bd2480
Data/SPRITES/PA13_06A.SPR	578644	8a2e44d188c6b18c219dc7416640c6d1
Data/SPRITES/PA13_06B.SPR	24688	2800c702871be08c178b075d05af0fb2
Data/SPRITES/PA13_06C.SPR	374868	0fad95b3cdfddcb7f1bb160e0dabcb9a
Data/SPRITES/PA13_07A.SPR	578692	d0406b6c535456423f28c0811fc418c6
Data/SPRITES/PA13_07B.SPR	24688	2800c702871be08c178b075d05af0fb2
Data/SPRITES/PA13_07C.SPR	374868	3fa186579160d2d06434c79181e1355c
Data/SPRITES/PA13_08A.SPR	578604	2348c61224b3c2f3a7b293f7a6fba4f8
Data/SPRITES/PA13_08B.SPR	24688	2800c702871be08c178b075d05af0fb2
Data/SPRITES/PA13_08C.SPR	374868	b8448ed8343b45fe06aac6dcf13c79ae
Data/SPRITES/PA13_09A.SPR	578744	3be06fee191851064c7ae375d8c87a96
Data/SPRITES/PA13_09B.SPR	24688	2800c702871be08c178b075d05af0fb2
Data/SPRITES/PA13_09C.SPR	374868	c42c77232c8ab87f66f0200cc9493744
Data/SPRITES/PA14_01A.SPR	578744	5d9ffc502fa9950f8910a765eb4265bb
Data/SPRITES/PA14_01B.SPR	24688	2800c702871be08c178b075d05af0fb2
Data/SPRITES/PA14_01C.SPR	374868	165b2f3f8d82b2e93aad6aa9d3892aab
Data/SPRITES/PA14_02A.SPR	578752	3ed35762a8fc5d4db948d472394c67d1
Data/SPRITES/PA14_02B.SPR	24696	8ddf39cdceacfa980068b4b47c2c8bf5
Data/SPRITES/PA14_02C.SPR	374828	1f6be0686bb094d1095e3f13682fad9f
Data/SPRITES/PA14_03A.SPR	578724	5535e3ee8fbdf6bb8ad10d1a29e0cb70
Data/SPRITES/PA14_03B.SPR	24688	2800c702871be08c178b075d05af0fb2
Data/SPRITES/PA14_03C.SPR	374868	5d1f19bac678fe4ee155dfd045b53437
Data/SPRITES/POT.SPR	123764	270b9f491a7e67ab6e117a63412a161f
Data/SPRITES/RETOUR.SPR	44212	f6ab4a3278ec6c72b1a9b91e2d807ba6
Data/SPRITES/RetourM.spr	2588	3f397b6cbef523cc6bbdf1c1f4accfdc
Data/SPRITES/TOURN0.SPR	1760	0ffa9f2904f350ffbcf70425f38c2d70
Data/SPRITES/TOURN1.SPR	2104	ae4e0dcd91c173dc5cb51551badfba14
Data/SPRITES/TOURN2.SPR	1968	19b5f6e1f8a32158ad3208e2715bf9c1
Data/Uninst.___	935424	08379e4901d07f637eb947a40b736b50
dx/dx5eng.exe	3706504	873c63f9c8e29a4ed6f63d7ee8e46bfb
dx/dx5frn.exe	5812280	728ac9c12d3e523531c5bc05abd284ca
ReadMe.txt	3555	2db83558dd3be87a1fe974096d4dd2f8
Setup.exe	960000	5c6365fc3766fc6ff48c3dee316c8c91
