address,module,name,ghidra,size,callers,evidence
0x004022c0,game/puzzles,,FUN_004022c0,182,0,
0x00402376,game/puzzles,,FUN_00402376,24,0,
0x0040238e,game/puzzles,,FUN_0040238e,75,1,
0x004023d9,game/puzzles,,FUN_004023d9,33,1,
0x004023fa,game/puzzles,,FUN_004023fa,33,1,
0x0040241b,game/puzzles,,FUN_0040241b,1386,0,
0x004029b1,game/puzzles,,FUN_004029b1,34,0,
0x004029d3,game/puzzles,,FUN_004029d3,34,0,
0x004029f5,game/puzzles,,FUN_004029f5,205,0,
0x00402ac2,game/puzzles,,FUN_00402ac2,24,0,
0x00402ada,game/puzzles,,FUN_00402ada,119,0,
0x00402b51,game/puzzles,,FUN_00402b51,119,0,
0x00402bc8,game/puzzles,,FUN_00402bc8,88,1,
0x00402c20,game/puzzles,,FUN_00402c20,574,0,
0x00402e76,game/puzzles,,FUN_00402e76,903,2,
0x00403215,game/puzzles,,FUN_00403215,230,1,
0x004032fb,game/puzzles,,FUN_004032fb,75,1,
0x00403346,game/puzzles,,FUN_00403346,428,0,
0x004034f2,game/puzzles,,FUN_004034f2,15,0,
0x00403501,game/puzzles,,FUN_00403501,250,2,
0x004035fb,game/puzzles,,FUN_004035fb,1023,0,
0x00403a1a,game/puzzles,,FUN_00403a1a,937,0,
0x00403dfd,game/puzzles,,FUN_00403dfd,129,0,
0x00403e7e,game/puzzles,,FUN_00403e7e,35,1,
0x00403ea1,game/puzzles,,FUN_00403ea1,24,0,
0x00403eb9,game/puzzles,,FUN_00403eb9,75,1,
0x00403f04,game/puzzles,,FUN_00403f04,498,0,
0x0040410e,game/puzzles,,FUN_0040410e,34,0,
0x00404130,game/puzzles,,FUN_00404130,34,0,
0x00404152,game/puzzles,,FUN_00404152,197,0,
0x00404217,game/puzzles,,FUN_00404217,24,0,
0x0040422f,game/puzzles,,FUN_0040422f,109,1,
0x0040429c,game/puzzles,,FUN_0040429c,106,1,
0x00404306,game/puzzles,,FUN_00404306,75,1,
0x00404351,game/puzzles,,FUN_00404351,39,1,
0x00404378,game/puzzles,,FUN_00404378,951,0,
0x0040474b,game/puzzles,,FUN_0040474b,72,0,
0x00404793,game/puzzles,,FUN_00404793,161,1,
0x00404834,game/puzzles,,FUN_00404834,156,1,
0x004048d0,game/puzzles,,FUN_004048d0,173,1,
0x0040497d,game/puzzles,,FUN_0040497d,202,1,
0x00404a47,game/puzzles,,FUN_00404a47,280,0,
0x00404b5f,game/puzzles,,FUN_00404b5f,24,0,
0x00404b77,game/puzzles,,FUN_00404b77,103,1,
0x00404bde,game/puzzles,,FUN_00404bde,2497,0,
0x004055bb,game/puzzles,,FUN_004055bb,158,0,
0x00405659,game/puzzles,,FUN_00405659,83,1,
0x004056ac,game/puzzles,,FUN_004056ac,15,0,
0x004056bb,game/puzzles,,FUN_004056bb,106,1,
0x00405725,game/puzzles,,FUN_00405725,65,1,
0x00405766,game/puzzles,,FUN_00405766,88,1,
0x004057be,game/puzzles,,FUN_004057be,88,1,
0x00405816,game/puzzles,,FUN_00405816,1584,0,
0x00405e6a,game/puzzles,,FUN_00405e6a,34,0,
0x00405e8c,game/puzzles,,FUN_00405e8c,154,0,
0x00405f26,game/puzzles,,FUN_00405f26,53,1,
0x00405f5b,game/puzzles,,FUN_00405f5b,15,0,
0x00405f6a,game/puzzles,,FUN_00405f6a,60,1,
0x00405fa6,game/puzzles,,FUN_00405fa6,1158,0,
0x004074c0,game/puzzles,,FUN_004074c0,73,0,
0x00407509,game/puzzles,,FUN_00407509,270,0,
0x00407617,game/puzzles,,FUN_00407617,155,1,
0x004076b2,game/puzzles,,FUN_004076b2,15,0,
0x004076c1,game/puzzles,,FUN_004076c1,75,1,
0x0040770c,game/puzzles,,FUN_0040770c,1111,0,
0x00407b83,game/puzzles,,FUN_00407b83,34,0,
0x00407ba5,game/puzzles,,FUN_00407ba5,34,0,
0x00407bc7,game/puzzles,,FUN_00407bc7,380,0,
0x00407d43,game/puzzles,,FUN_00407d43,142,1,
0x00407dd1,game/puzzles,,FUN_00407dd1,15,0,
0x00407de0,game/puzzles,,FUN_00407de0,88,1,
0x00407e38,game/puzzles,,FUN_00407e38,75,1,
0x00407e83,game/puzzles,,FUN_00407e83,457,1,
0x0040804c,game/puzzles,,FUN_0040804c,106,1,
0x004080b6,game/puzzles,,FUN_004080b6,98,1,
0x00408118,game/puzzles,,FUN_00408118,1570,0,
0x00408c10,game/puzzles,,FUN_00408c10,138,4,
0x00408c9a,game/puzzles,,FUN_00408c9a,87,4,
0x00408cf1,game/shell,,FUN_00408cf1,16,1,
0x00408d01,game/shell,,FUN_00408d01,15,0,
0x00408d10,game/shell,,FUN_00408d10,51,0,
0x00408d43,game/shell,FatalError,FUN_00408d43,152,34,Fatal Error !
0x00408ddb,game/shell,,FUN_00408ddb,238,0,
0x00408ec9,game/shell,,FUN_00408ec9,54,0,
0x00408eff,game/shell,,FUN_00408eff,77,0,
0x00408f4c,game/shell,,FUN_00408f4c,74,0,
0x00408f96,game/shell,,FUN_00408f96,78,0,
0x00408fe4,game/shell,,FUN_00408fe4,201,1,
0x004090ad,game/shell,,FUN_004090ad,41,0,
0x004090d6,game/shell,,FUN_004090d6,182,0,
0x0040918c,game/shell,,FUN_0040918c,21,3,
0x00409310,game/shell,,FUN_00409310,168,2,
0x004093b8,game/shell,,FUN_004093b8,19,1,
0x004093cb,game/shell,,FUN_004093cb,406,2,
0x00409600,game/shell,,FUN_00409600,69,1,
0x00409645,game/shell,,FUN_00409645,310,1,
0x004097f0,game/shell,AllocFrameBuffers,FUN_004097f0,125,2,Could not allocate frame-buffer ...
0x0040986d,game/shell,,FUN_0040986d,106,2,
0x004098d7,game/shell,,FUN_004098d7,21,1,
0x004098ec,game/shell,,FUN_004098ec,15,3,
0x004098fb,game/shell,,FUN_004098fb,128,1,
0x0040997b,game/shell,,FUN_0040997b,41,0,
0x004099a4,game/shell,,FUN_004099a4,311,6,
0x00409adb,game/shell,,FUN_00409adb,311,1,
0x00409c12,game/shell,,FUN_00409c12,19,5,
0x00409c25,game/shell,,FUN_00409c25,84,8,
0x00409c79,game/shell,,FUN_00409c79,84,0,
0x00409ccd,game/shell,,FUN_00409ccd,128,0,
0x00409d4d,game/shell,,FUN_00409d4d,41,0,
0x00409d76,game/shell,,FUN_00409d76,206,19,
0x00409e44,game/shell,,FUN_00409e44,157,11,
0x00409ee1,game/shell,,FUN_00409ee1,40,4,
0x00409f09,game/shell,,FUN_00409f09,585,23,
0x0040a152,game/shell,,FUN_0040a152,70,12,
0x0040a198,game/shell,,FUN_0040a198,130,9,
0x0040a21a,game/shell,,FUN_0040a21a,50,1,
0x0040a24c,game/shell,Sprite_Open,FUN_0040a24c,903,24,Sprite '%s': plus de slot banque disponible...
0x0040a5d3,game/shell,,FUN_0040a5d3,324,17,
0x0040a717,game/shell,,FUN_0040a717,79,1,
0x0040a766,game/shell,Sprite_LoadFile,FUN_0040a766,1262,1,%sDATA\SPRITES\%s.SPR
0x0040ac54,game/shell,,FUN_0040ac54,138,3,
0x0040acde,game/shell,Font_LoadAwf,FUN_0040acde,629,2,%sDATA\FONTS\%s.AWF
0x0040af53,game/shell,,FUN_0040af53,57,3,
0x0040af8c,game/shell,,FUN_0040af8c,46,1,
0x0040afba,game/shell,,FUN_0040afba,46,0,
0x0040afe8,game/shell,,FUN_0040afe8,37,0,
0x0040b00d,game/shell,,FUN_0040b00d,568,0,
0x0040b245,game/shell,,FUN_0040b245,33,0,
0x0040b266,game/shell,,FUN_0040b266,95,3,
0x0040b980,game/shell,,FUN_0040b980,18,0,
0x0040b992,game/shell,Hnm_AllocDecBuffers,FUN_0040b992,121,7,'%s': could not allocate HNM dec buffers ...
0x0040ba0b,game/shell,,FUN_0040ba0b,74,1,
0x0040ba55,game/shell,,FUN_0040ba55,15,0,
0x0040ba64,game/shell,Hnm_Open,FUN_0040ba64,1338,2,%sDATA\MOVIES\%s.CVY / .HNM
0x0040bf9e,game/shell,,FUN_0040bf9e,212,5,
0x0040c072,game/shell,Hnm_Stream,FUN_0040c072,200,2,Cannot stream closed movie !
0x0040c13a,game/shell,,FUN_0040c13a,121,2,
0x0040c1b3,game/shell,,FUN_0040c1b3,471,1,
0x0040c38a,game/shell,,FUN_0040c38a,78,0,
0x0040c3d8,game/shell,Hnm_StartReadThread,FUN_0040c3d8,192,1,Could not create HNM read thread ...
0x0040c498,game/shell,,FUN_0040c498,114,1,
0x0040c50a,game/shell,,FUN_0040c50a,184,2,
0x0040c5c2,game/shell,,FUN_0040c5c2,355,2,
0x0040c725,game/shell,,FUN_0040c725,52,2,
0x0040c759,game/shell,,FUN_0040c759,42,4,
0x0040c783,game/shell,,FUN_0040c783,306,2,
0x0040c8b5,game/shell,,FUN_0040c8b5,245,1,
0x0040c9aa,game/shell,,FUN_0040c9aa,541,1,
0x0040cbc7,game/shell,,FUN_0040cbc7,24,0,
0x0040cbdf,game/shell,,FUN_0040cbdf,61,2,
0x0040cc1c,game/shell,,FUN_0040cc1c,27,1,
0x0040d0f0,game/shell,,FUN_0040d0f0,34,0,
0x0040d112,game/shell,,FUN_0040d112,221,0,
0x0040d1ef,game/shell,,FUN_0040d1ef,24,0,
0x0040d207,game/shell,,FUN_0040d207,106,1,
0x0040d271,game/shell,,FUN_0040d271,34,0,
0x0040d293,game/shell,,FUN_0040d293,1348,0,
0x0040d9c0,game/shell,Tgp_Load,FUN_0040d9c0,610,2,%sDATA\GFX\%s.TGP
0x0040dc22,game/shell,,FUN_0040dc22,127,2,
0x0040dca1,game/shell,,FUN_0040dca1,38,1,
0x0040dcc7,game/shell,,FUN_0040dcc7,44,2,
0x0040dcf3,game/shell,,FUN_0040dcf3,861,2,
0x0040e200,game/shell,,FUN_0040e200,56,3,
0x0040e238,game/shell,,FUN_0040e238,24,3,
0x0040e250,game/shell,,FUN_0040e250,5,1,
0x0040e255,game/shell,,FUN_0040e255,5,3,
0x0040e25a,game/shell,,FUN_0040e25a,94,23,
0x0040e2b8,game/shell,,FUN_0040e2b8,31,1,
0x0040e2d7,game/shell,,FUN_0040e2d7,37,2,
0x0040e2fc,game/shell,,FUN_0040e2fc,119,2,
0x0040e373,game/shell,,FUN_0040e373,84,2,
0x0040e3c7,game/shell,,FUN_0040e3c7,13,0,
0x0040e3d4,game/shell,,FUN_0040e3d4,13,0,
0x0040e3e1,game/shell,,FUN_0040e3e1,137,1,
0x0040e46a,game/shell,,FUN_0040e46a,107,1,
0x0040e4d5,game/shell,,FUN_0040e4d5,26,19,
0x0040e4ef,game/shell,,FUN_0040e4ef,31,21,
0x0040e50e,game/shell,,FUN_0040e50e,31,0,
0x0040e52d,game/shell,,FUN_0040e52d,26,0,
0x0040e620,game/shell,,FUN_0040e620,219,1,
0x0040e6fb,game/shell,,FUN_0040e6fb,143,1,
0x0040e78a,game/shell,Save_ListGames,FUN_0040e78a,492,1,%sSAVE\GAME%02u%02u.BIN + CompareFileTime
0x0040e976,game/shell,,FUN_0040e976,217,1,
0x0040ea4f,game/shell,,FUN_0040ea4f,75,1,
0x0040ea9a,game/shell,,FUN_0040ea9a,154,1,
0x0040eb34,game/shell,,FUN_0040eb34,75,1,
0x0040eb7f,game/shell,,FUN_0040eb7f,90,1,
0x0040ebd9,game/shell,,FUN_0040ebd9,251,1,
0x0040ecd4,game/shell,OptionMenu,FUN_0040ecd4,2557,1,load|scrsize|keyboard|quit|option
0x0040fb60,game/shell,,FUN_0040fb60,38,1,
0x0040fb86,game/shell,,FUN_0040fb86,99,1,
0x0040fbe9,game/shell,Timer_Begin,FUN_0040fbe9,191,1,Could not begin timer ...
0x0040fca8,game/shell,,FUN_0040fca8,35,1,
0x0040fccb,game/shell,,FUN_0040fccb,216,1,
0x0040fda3,game/shell,,FUN_0040fda3,35,1,
0x0040fdc6,game/shell,Entry2D,FUN_0040fdc6,273,3,Entrée 2D: n° de ZA (%u) pas valide...
0x0040fed7,game/shell,,FUN_0040fed7,160,2,
0x0040ff77,game/shell,Save_WriteGame,FUN_0040ff77,476,1,"%sSAVE\GAME%02u%02u.BIN, Game save: create file failed..."
0x00410153,game/shell,Save_WriteGGame,FUN_00410153,530,3,"%sSAVE\GGAME%u.BIN, Game save: create file failed..."
0x00410365,game/shell,,FUN_00410365,565,1,
0x0041059a,game/shell,,FUN_0041059a,89,3,
0x004105f3,game/shell,Timer_End,FUN_004105f3,49,6,timeKillEvent + timeEndPeriod
0x00410624,game/shell,,FUN_00410624,1372,1,
0x00410b80,game/shell,,FUN_00410b80,78,2,
0x00410bce,game/shell,,FUN_00410bce,15,1,
0x00410bdd,game/shell,,FUN_00410bdd,68,28,
0x00410c21,game/shell,,FUN_00410c21,109,1,
0x00410c8e,game/shell,,FUN_00410c8e,43,1,
0x00410cb9,game/shell,,FUN_00410cb9,43,1,
0x00410ce4,game/shell,,FUN_00410ce4,55,7,
0x00410d1b,game/shell,,FUN_00410d1b,77,1,
0x00410d68,game/shell,,FUN_00410d68,131,1,
0x00410deb,game/shell,,FUN_00410deb,15,7,
0x00410dfa,game/shell,,FUN_00410dfa,54,7,
0x00410e30,game/shell,,FUN_00410e30,803,1,
0x00411153,game/shell,,FUN_00411153,213,4,
0x00411228,game/shell,,FUN_00411228,46,3,
0x00411256,game/shell,,FUN_00411256,37,1,
0x0041127b,game/shell,,FUN_0041127b,62,2,
0x004112b9,game/shell,,FUN_004112b9,62,2,
0x004112f7,game/shell,,FUN_004112f7,148,1,
0x0041138b,game/shell,,FUN_0041138b,85,1,
0x004113e0,game/shell,,FUN_004113e0,116,1,
0x00411454,game/shell,,FUN_00411454,192,2,
0x00411514,game/shell,,FUN_00411514,309,1,
0x00411649,game/shell,,FUN_00411649,95,1,
0x004116a8,game/shell,,FUN_004116a8,102,1,
0x0041170e,game/shell,,FUN_0041170e,249,17,
0x00411807,game/shell,,FUN_00411807,285,2,
0x00411924,game/shell,,FUN_00411924,23,1,
0x0041193b,game/shell,,FUN_0041193b,32,0,
0x0041195b,game/shell,,FUN_0041195b,103,1,
0x004119c2,game/shell,,FUN_004119c2,58,2,
0x004119fc,game/shell,,FUN_004119fc,44,0,
0x00411a28,game/shell,,FUN_00411a28,1545,0,
0x00412065,game/shell,,FUN_00412065,429,1,
0x0041222e,game/shell,,FUN_0041222e,15,14,
0x0041223d,game/shell,,FUN_0041223d,15,13,
0x0041224c,game/shell,,FUN_0041224c,37,0,
0x00412271,game/shell,,FUN_00412271,37,0,
0x00412296,game/shell,,FUN_00412296,37,0,
0x004122bb,game/shell,MainWndProc,FUN_004122bb,9151,1,DefWindowProcA; Could not re-init DirectDraw ...
0x0041474a,game/shell,,FUN_0041474a,47,1,
0x00414779,game/shell,Tgp_Load2,FUN_00414779,300,23,%sDATA\GFX\%s.TGP
0x004148a5,game/shell,,FUN_004148a5,300,1,
0x004149d1,game/shell,,FUN_004149d1,196,1,
0x00414a95,game/shell,,FUN_00414a95,57,1,
0x00414ace,game/shell,,FUN_00414ace,263,33,
0x00414bd5,game/shell,,FUN_00414bd5,35,0,
0x00414bf8,game/shell,,FUN_00414bf8,225,1,
0x00414cd9,game/shell,,FUN_00414cd9,135,0,
0x00414d60,game/shell,,FUN_00414d60,108,1,
0x00414dcc,game/shell,,FUN_00414dcc,32,14,
0x00414dec,game/shell,,FUN_00414dec,78,14,
0x00414e3a,game/shell,,FUN_00414e3a,110,1,
0x00414ea8,game/shell,,FUN_00414ea8,116,1,
0x00414f1c,game/shell,,FUN_00414f1c,72,2,
0x00414f64,game/shell,,FUN_00414f64,91,2,
0x00414fbf,game/shell,,FUN_00414fbf,241,1,
0x004150b0,game/shell,,FUN_004150b0,61,1,
0x00416650,game/sound,Snd_Init,FUN_00416650,161,1,DirectSound initialisation failed...
0x004166f1,game/sound,Snd_InitMovieBuffer,FUN_004166f1,150,1,Movie sound-buffer initialization failed...
0x00416787,game/sound,,FUN_00416787,237,3,
0x00416874,game/sound,,FUN_00416874,237,18,
0x00416961,game/sound,,FUN_00416961,38,1,
0x00416987,game/sound,,FUN_00416987,38,1,
0x004169ad,game/sound,,FUN_004169ad,130,22,
0x00416a2f,game/sound,,FUN_00416a2f,10,1,
0x00416a39,game/sound,,FUN_00416a39,384,0,
0x00416bb9,game/sound,,FUN_00416bb9,486,0,
0x00416d9f,game/sound,Snd_CreateStatic,FUN_00416d9f,55,34,Static Sound: could not create '%s'...
0x00416dd6,game/sound,,FUN_00416dd6,23,15,
0x00416ded,game/sound,,FUN_00416ded,34,1,
0x00416e0f,game/sound,,FUN_00416e0f,21,1,
0x00416e24,game/sound,,FUN_00416e24,45,51,
0x00416e51,game/sound,,FUN_00416e51,23,12,
0x00416e68,game/sound,,FUN_00416e68,23,1,
0x00416e7f,game/sound,Wav_Open,FUN_00416e7f,517,0,'%s': not a wav file...
0x00417084,game/sound,Snd_Load,FUN_00417084,1602,0,%sDATA\SOUND\%s.APC / .WAV
0x004176c6,game/sound,Adpcm_StreamInit,FUN_004176c6,604,0,ADPCM stream initialization failed...
0x00417922,game/sound,,FUN_00417922,41,0,
0x0041794b,game/sound,Wav_LoadResource,FUN_0041794b,491,0,FindResourceA 'WAVE'
0x00417b36,game/sound,,FUN_00417b36,39,0,
0x00417b5d,game/sound,,FUN_00417b5d,17,0,
0x004180c0,game/users,App_Init,FUN_004180c0,733,1,Could not retrieve registry informations...
0x0041839d,game/users,,FUN_0041839d,10,6,
0x004183a7,game/users,,FUN_004183a7,29,0,
0x004183c4,game/users,,FUN_004183c4,19,5,
0x004183d7,game/users,,FUN_004183d7,19,1,
0x004183ea,game/users,,FUN_004183ea,22,3,
0x00418400,game/users,,FUN_00418400,22,1,
0x00418416,game/users,Registry_Read,FUN_00418416,519,1,"SOFTWARE\Cryo\Mission Sunlight: Path, Target, Language, Install Level"
0x0041861d,game/users,Users_CheckSessions,FUN_0041861d,413,1,'%s' previous session was not properly closed
0x004187ba,game/users,,FUN_004187ba,226,1,
0x0041889c,game/users,,FUN_0041889c,202,1,
0x00418966,game/users,,FUN_00418966,199,2,
0x00418a2d,game/users,,FUN_00418a2d,260,1,
0x00418b31,game/users,,FUN_00418b31,139,0,
0x00418bbc,game/users,,FUN_00418bbc,101,1,
0x00418c21,game/users,Accueil_WndProc,FUN_00418c21,2587,0,"ACCUEIL_BMP, BOUTONS_BMP, player's name"
0x00419684,game/users,,FUN_00419684,133,1,
0x00419ca0,game/users,,FUN_00419ca0,130,1,
0x00419d22,game/users,Display_Flip,FUN_00419d22,205,2,Could not flip display:
0x00419e50,game/users,,FUN_00419e50,190,2,
0x00419f0e,game3d/scenes,LoadBoxAuberge,FUN_00419f0e,165,1,LoadBoxAuberge => %s
0x00419fb3,game3d/scenes,,FUN_00419fb3,43,1,
0x00419fde,game3d/scenes,LoadAnimsauberge,FUN_00419fde,210,1,LoadAnimsauberge::%s manque
0x0041a0b0,game3d/scenes,,FUN_0041a0b0,507,0,
0x0041a2ab,game3d/scenes,,FUN_0041a2ab,384,1,
0x0041a42b,game3d/scenes,,FUN_0041a42b,980,0,
0x0041aae0,game3d/scenes,,FUN_0041aae0,160,2,
0x0041ab80,game3d/tga,SaveScreenTga,FUN_0041ab80,262,1,D:/VANGOGH/TGA/%04d.TGA
0x0041ac86,game3d/tga,SaveScreenBtm,FUN_0041ac86,116,0,D:/VANGOGH/TGA/%04d.BTM
0x0041acfa,game3d/tga,,FUN_0041acfa,158,2,
0x0041ad98,game3d/tga,LoadTga,FUN_0041ad98,388,2,LoadTga::Erreur ouverture %s
0x0041af1c,game3d/tga,LoadTga2,FUN_0041af1c,325,1,LoadTga::Erreur ouverture %s
0x0041b061,game3d/tga,,FUN_0041b061,372,1,
0x0041b1d5,game3d/tga,,FUN_0041b1d5,417,1,
0x0041b5a0,game3d/scenes,,FUN_0041b5a0,115,1,
0x0041b613,game3d/scenes,,FUN_0041b613,136,0,
0x0041b6ab,game3d/scenes,LoadAnimscafe,FUN_0041b6ab,210,1,LoadAnimscafe::%s manque
0x0041b77d,game3d/scenes,,FUN_0041b77d,771,0,
0x0041ba80,game3d/scenes,,FUN_0041ba80,335,1,
0x0041bbcf,game3d/scenes,,FUN_0041bbcf,2106,0,
0x0041c810,game3d/scenes,,FUN_0041c810,151,1,
0x0041c8a7,game3d/scenes,LoadAnimschambreb,FUN_0041c8a7,210,1,LoadAnimschambreb::%s manque
0x0041c979,game3d/scenes,,FUN_0041c979,1392,0,
0x0041cee9,game3d/scenes,,FUN_0041cee9,638,1,
0x0041d167,game3d/scenes,,FUN_0041d167,1688,0,
0x0041dc70,game3d/scenes,,FUN_0041dc70,61,1,
0x0041dcad,game3d/scenes,LoadAnimschambrev,FUN_0041dcad,210,1,LoadAnimschambrev::%s manque
0x0041dd7f,game3d/scenes,,FUN_0041dd7f,230,0,
0x0041de65,game3d/scenes,,FUN_0041de65,115,1,
0x0041ded8,game3d/scenes,,FUN_0041ded8,562,0,
0x0041e250,game3d/scenes,,FUN_0041e250,97,1,
0x0041e2b1,game3d/scenes,LoadAnimschamp,FUN_0041e2b1,210,1,LoadAnimschamp::%s manque
0x0041e383,game3d/scenes,,FUN_0041e383,329,0,
0x0041e4cc,game3d/scenes,,FUN_0041e4cc,274,1,
0x0041e5de,game3d/scenes,,FUN_0041e5de,805,0,
0x0041eb20,game3d/scenes,,FUN_0041eb20,331,15,
0x0041ec7b,game3d/scenes,,FUN_0041ec7b,109,1,
0x0041ece8,game3d/scenes,,FUN_0041ece8,43,1,
0x0041ed13,game3d/world,ReadPeintreIni,FUN_0041ed13,182,0,"\PEINTRE.INI, PATH = %s"
0x0041edc9,game3d/world,,FUN_0041edc9,84,48,
0x0041ee1d,game3d/world,,FUN_0041ee1d,368,1,
0x0041efc5,game3d/world,,FUN_0041efc5,338,1,
0x0041f14b,game3d/world,,FUN_0041f14b,855,2,
0x0041f506,game3d/world,,FUN_0041f506,1222,1,
0x0041f9f8,game3d/world,,FUN_0041f9f8,257,1,
0x0041faf9,game3d/world,,FUN_0041faf9,644,1,
0x0041fda9,game3d/world,,FUN_0041fda9,3970,4,
0x00420e07,game3d/world,,FUN_00420e07,146,2,
0x00420e99,game3d/world,,FUN_00420e99,272,3,
0x00420fa9,game3d/world,,FUN_00420fa9,272,2,
0x004210b9,game3d/world,CheckObjectCount,FUN_004210b9,180,1,NbObjets > MAX_OBJETS_SCENE
0x0042116d,game3d/world,,FUN_0042116d,57,1,
0x004211a6,game3d/world,,FUN_004211a6,337,0,
0x004212f7,game3d/world,,FUN_004212f7,959,0,
0x004216b6,game3d/world,,FUN_004216b6,1506,2,
0x00421c98,game3d/world,,FUN_00421c98,219,1,
0x00421d73,game3d/world,,FUN_00421d73,211,1,
0x00421e56,game3d/world,C_Monde::LoadScene,FUN_00421e56,372,1,C_Monde::LoadScene => %s
0x00421fca,game3d/world,DebugInfo,FUN_00421fca,556,1,Pos => %d %d %d|Angle => %d %d %d|pick name => %s
0x004221f6,game3d/world,,FUN_004221f6,498,18,
0x004223e8,game3d/world,,FUN_004223e8,993,1,
0x004227c9,game3d/world,,FUN_004227c9,160,0,
0x00422869,game3d/world,Alloc3DMemory,FUN_00422869,573,1,Memory3D => NULL
0x00422aa6,game3d/world,,FUN_00422aa6,242,4,
0x00422b98,game3d/world,,FUN_00422b98,920,1,
0x00422f30,game3d/world,,FUN_00422f30,144,3,
0x004240f0,game3d/world,Cursor_Check,FUN_004240f0,160,1,Curseur->Buf => NULL
0x00424190,game3d/world,,FUN_00424190,41,5,
0x004241f0,game3d/scenes,,FUN_004241f0,43,1,
0x0042421b,game3d/scenes,LoadAnimsEglise,FUN_0042421b,210,1,LoadAnimsEglise::%s manque
0x004242ed,game3d/scenes,,FUN_004242ed,222,0,
0x004243cb,game3d/scenes,,FUN_004243cb,156,1,
0x00424467,game3d/scenes,,FUN_00424467,717,0,
0x004248f0,game3d/scenes,,FUN_004248f0,136,2,
0x00424978,game3d/scenes,LoadBoxHopiExt,FUN_00424978,94,1,LoadBoxHopiExt => %s
0x004249d6,game3d/scenes,LoadAnimsHopiExt,FUN_004249d6,210,1,LoadAnimsHopiExt::%s manque
0x00424aa8,game3d/scenes,,FUN_00424aa8,79,1,
0x00424af7,game3d/scenes,,FUN_00424af7,341,0,
0x00424c4c,game3d/scenes,,FUN_00424c4c,327,1,
0x00424d93,game3d/scenes,,FUN_00424d93,1013,0,
0x00425420,game3d/scenes,LoadAnimshopiint,FUN_00425420,210,1,LoadAnimshopiint::%s manque
0x004254f2,game3d/scenes,,FUN_004254f2,79,1,
0x00425541,game3d/scenes,,FUN_00425541,366,0,
0x004256af,game3d/scenes,,FUN_004256af,235,1,
0x0042579a,game3d/scenes,,FUN_0042579a,1245,0,
0x00425f00,game3d/scenes,,FUN_00425f00,41,1,
0x00425f29,game3d/scenes,,FUN_00425f29,72,1,
0x00425f71,game3d/scenes,,FUN_00425f71,64,1,
0x00425fb1,game3d/scenes,,FUN_00425fb1,65,1,
0x00425ff2,game3d/scenes,,FUN_00425ff2,127,1,
0x00426071,game3d/scenes,,FUN_00426071,256,1,
0x00426171,game3d/scenes,,FUN_00426171,1043,2,
0x00426594,game3d/scenes,,FUN_00426594,734,1,
0x00426872,game3d/scenes,,FUN_00426872,125,1,
0x00426b70,game3d/scenes,,FUN_00426b70,136,1,
0x00426bf8,game3d/scenes,LoadBoxJardin,FUN_00426bf8,94,1,LoadBoxJardin => %s
0x00426c56,game3d/scenes,,FUN_00426c56,36,2,
0x00426c7a,game3d/scenes,,FUN_00426c7a,79,1,
0x00426cc9,game3d/scenes,LoadAnimsjardin,FUN_00426cc9,210,1,LoadAnimsjardin::%s manque
0x00426d9b,game3d/scenes,,FUN_00426d9b,409,0,
0x00426f34,game3d/scenes,,FUN_00426f34,309,1,
0x00427069,game3d/scenes,,FUN_00427069,1212,0,
0x00427870,game3d/scenes,,FUN_00427870,97,1,
0x004278d1,game3d/scenes,LoadAnimsMaisonet,FUN_004278d1,210,1,LoadAnimsMaisonet::%s manque
0x004279a3,game3d/scenes,,FUN_004279a3,501,0,
0x00427b98,game3d/scenes,,FUN_00427b98,620,1,
0x00427e04,game3d/scenes,,FUN_00427e04,1237,0,
0x004285e0,game3d/scenes,,FUN_004285e0,226,1,
0x004286e2,game3d/scenes,LoadBoxMaisonj,FUN_004286e2,239,1,LoadBoxMaisonj => %s
0x004287d1,game3d/scenes,,FUN_004287d1,97,1,
0x00428832,game3d/scenes,LoadAnimsmaisonj,FUN_00428832,210,1,LoadAnimsmaisonj::%s manque
0x00428904,game3d/scenes,,FUN_00428904,123,2,
0x0042897f,game3d/scenes,,FUN_0042897f,781,0,
0x00428c8c,game3d/scenes,,FUN_00428c8c,471,1,
0x00428e63,game3d/scenes,,FUN_00428e63,1200,0,
0x004296d0,game3d/scenes,,FUN_004296d0,23,0,
0x004296e7,game3d/scenes,,FUN_004296e7,23,0,
0x004296fe,game3d/scenes,,FUN_004296fe,45,0,
0x0042972b,game3d/scenes,,FUN_0042972b,45,0,
0x00429758,game3d/scenes,,FUN_00429758,187,1,
0x00429813,game3d/scenes,LoadAnimsmangeurs,FUN_00429813,210,1,LoadAnimsmangeurs::%s manque
0x004298e5,game3d/scenes,,FUN_004298e5,687,0,
0x00429b94,game3d/scenes,,FUN_00429b94,578,1,
0x00429dd6,game3d/scenes,,FUN_00429dd6,1940,0,
0x0042a980,game3d/scenes,,FUN_0042a980,272,1,
0x0042aab8,game3d/scenes,LoadBoxMusee,FUN_0042aab8,313,1,LoadBoxMusee => %s
0x0042abf1,game3d/scenes,,FUN_0042abf1,89,1,
0x0042ac4a,game3d/scenes,LoadAnimsmusee,FUN_0042ac4a,210,1,LoadAnimsmusee::%s manque
0x0042ad1c,game3d/scenes,,FUN_0042ad1c,118,0,
0x0042ad92,game3d/scenes,,FUN_0042ad92,2156,0,
0x0042b5fe,game3d/scenes,,FUN_0042b5fe,376,1,
0x0042b776,game3d/scenes,,FUN_0042b776,3789,0,
0x0042cd80,game3d/scenes,,FUN_0042cd80,136,2,
0x0042ce08,game3d/scenes,LoadBoxPont,FUN_0042ce08,94,1,LoadBoxPont => %s
0x0042ce66,game3d/scenes,,FUN_0042ce66,97,1,
0x0042cec7,game3d/scenes,LoadAnimspont,FUN_0042cec7,210,1,LoadAnimspont::%s manque
0x0042cf99,game3d/scenes,,FUN_0042cf99,73,2,
0x0042cfe2,game3d/scenes,,FUN_0042cfe2,648,0,
0x0042d26a,game3d/scenes,,FUN_0042d26a,543,1,
0x0042d489,game3d/scenes,,FUN_0042d489,1229,0,
0x0042dcb0,game3d/scenes,,FUN_0042dcb0,61,1,
0x0042dced,game3d/scenes,LoadAnimsterrasse,FUN_0042dced,210,1,LoadAnimsterrasse::%s manque
0x0042ddbf,game3d/scenes,,FUN_0042ddbf,422,0,
0x0042df65,game3d/scenes,,FUN_0042df65,190,1,
0x0042e023,game3d/scenes,,FUN_0042e023,970,0,
0x0042e630,game3d/app,VangoghError,FUN_0042e630,74,27,wvsprintfA + MessageBoxA 'Vangogh Erreur'
0x0042e67a,game3d/app,,FUN_0042e67a,5,7,
0x0042e67f,game3d/app,,FUN_0042e67f,97,1,
0x0042e6e0,game3d/app,OpenError3D,FUN_0042e6e0,153,1,Erreur ouverture %s|Pas assez de ram pour 3d
0x0042e7d0,game3d/app,,FUN_0042e7d0,140,1,
0x0042e85c,game3d/app,LoadSceneFile,FUN_0042e85c,291,1,"DATA\SCENES_3D\ + GetFileSize, ptrdata => NULL"
0x0042e97f,game3d/app,,FUN_0042e97f,418,1,
0x0042eb21,game3d/app,App3D_InitPaths,FUN_0042eb21,625,1,DATA\GRAPHS_2D\|DATA\SCENES_3D\|\SCENES\|SAVE\
0x0042ed92,game3d/app,,FUN_0042ed92,10,0,
0x0042ed9c,game3d/app,,FUN_0042ed9c,68,1,
0x0042ede0,game3d/app,,FUN_0042ede0,5,1,
0x0042ede5,game3d/app,,FUN_0042ede5,5,1,
0x0042edea,game3d/app,,FUN_0042edea,5,1,
0x0042edef,game3d/app,,FUN_0042edef,239,1,
0x0042eede,game3d/app,,FUN_0042eede,49,2,
0x0042ef0f,game3d/app,Load3DGame,FUN_0042ef0f,514,2,%sSAVE\GAME%04d.BIN + ReadFile
0x0042f111,game3d/app,Load3DGGame,FUN_0042f111,433,1,%sSAVE\GGAME%d.BIN + ReadFile
0x0042f2c2,game3d/app,,FUN_0042f2c2,582,1,
0x0042f508,game3d/app,,FUN_0042f508,13,1,
0x0042f515,game3d/app,,FUN_0042f515,379,1,
0x0042f6a0,game3d/app,,FUN_0042f6a0,181,7,
0x0042f755,game3d/app,,FUN_0042f755,286,1,
0x0042f873,game3d/app,,FUN_0042f873,226,4,
0x0042f955,game3d/app,,FUN_0042f955,51,0,
0x0042f988,game3d/app,,FUN_0042f988,470,1,
0x0042fb5e,game3d/app,Timer3D_Begin,FUN_0042fb5e,76,3,Could not begin timer 3D ...
0x0042fbaa,game3d/app,Timer3D_End,FUN_0042fbaa,44,5,timeKillEvent + timeEndPeriod
0x0042fbd6,game3d/cinematics,,FUN_0042fbd6,1238,0,
0x00430700,engine3d,,FUN_00430700,140,1,
0x00430980,engine3d,,FUN_00430980,23,1,
0x004309a0,engine3d,,FUN_004309a0,34,2,
0x004309d0,engine3d,,FUN_004309d0,23,1,
0x004309f0,engine3d,,FUN_004309f0,34,2,
0x00430a50,engine3d,,FUN_00430a50,42,1,
0x00430a80,engine3d,,FUN_00430a80,51,3,
0x00430ac0,engine3d,,FUN_00430ac0,85,1,
0x00430b20,engine3d,,FUN_00430b20,258,2,
0x00430c30,engine3d,,FUN_00430c30,217,1,
0x00430d10,engine3d,,FUN_00430d10,160,1,
0x00430db0,engine3d,,FUN_00430db0,292,1,
0x00430ee0,engine3d,,FUN_00430ee0,457,1,
0x004310b0,engine3d,,FUN_004310b0,1215,1,
0x00431580,engine3d,,FUN_00431580,76,1,
0x00431630,engine3d,,FUN_00431630,41,2,
0x004316a0,engine3d,,FUN_004316a0,84,2,
0x00431700,engine3d,,FUN_00431700,103,2,
0x00431920,engine3d,,FUN_00431920,413,1,
0x00431ac0,engine3d,,FUN_00431ac0,610,1,
0x00431d30,engine3d,,FUN_00431d30,595,1,
0x00431f90,engine3d,,FUN_00431f90,654,1,
0x00432220,engine3d,,FUN_00432220,418,1,
0x00432c30,engine3d,,FUN_00432c30,438,1,
0x00432df0,engine3d,,FUN_00432df0,16,1,
0x00432e00,engine3d,,FUN_00432e00,16,1,
0x00432e10,engine3d,,FUN_00432e10,43,7,
0x00432e40,engine3d,,FUN_00432e40,43,7,
0x00432e70,engine3d,,FUN_00432e70,19,1,
0x00432eb0,engine3d,,FUN_00432eb0,90,3,
0x00432f10,engine3d,,FUN_00432f10,21,4,
0x00432f30,engine3d,,FUN_00432f30,18,3,
0x00432f50,engine3d,,FUN_00432f50,23,2,
0x00432f70,engine3d,,FUN_00432f70,65,2,
0x00432fc0,engine3d,,FUN_00432fc0,65,2,
0x00433010,engine3d,,FUN_00433010,32,2,
0x00433030,engine3d,,FUN_00433030,32,2,
0x00433050,engine3d,,FUN_00433050,80,1,
0x00433570,engine3d,,FUN_00433570,256,0,
0x00433670,engine3d,,FUN_00433670,10,1,
0x00433680,engine3d,Heap_Alloc,FUN_00433680,56,9,Heap overflow
0x004336c0,engine3d,,FUN_004336c0,6,2,
0x004336d0,engine3d,,FUN_004336d0,21,3,
0x004336f0,engine3d,,FUN_004336f0,8,1,
0x00433700,engine3d,,FUN_00433700,22,1,
0x00433740,engine3d,,FUN_00433740,103,1,
0x004337b0,engine3d,,FUN_004337b0,60,2,
0x004337f0,engine3d,,FUN_004337f0,81,13,
0x00433850,engine3d,,FUN_00433850,29,3,
0x004338a0,engine3d,,FUN_004338a0,45,1,
0x004338d0,engine3d,,FUN_004338d0,485,1,
0x00433b70,engine3d,,FUN_00433b70,979,1,
0x00433ff0,engine3d,,FUN_00433ff0,464,1,
0x00434270,engine3d,,FUN_00434270,213,1,
0x00434350,engine3d,,FUN_00434350,105,1,
0x004343c0,engine3d,,FUN_004343c0,34,1,
0x004343f0,engine3d,,FUN_004343f0,119,1,
0x00434470,engine3d,,FUN_00434470,48,1,
0x004344a0,engine3d,,FUN_004344a0,48,1,
0x004344d0,engine3d,,FUN_004344d0,137,1,
0x00434560,engine3d,,FUN_00434560,534,1,
0x004348c0,engine3d,CheckHeader,FUN_004348c0,253,1,Type d'entete non valide !!!!
0x00434e70,engine3d,,FUN_00434e70,317,1,
0x00434fb0,engine3d,,FUN_00434fb0,105,1,
0x00435020,engine3d,,FUN_00435020,309,2,
0x00435170,engine3d,,FUN_00435170,307,2,
0x004353c0,engine3d,,FUN_004353c0,14,2,
0x004353d0,engine3d,,FUN_004353d0,14,2,
0x00435400,engine3d,,FUN_00435400,106,24,
0x00435880,engine3d,,FUN_00435880,63,1,
0x00435930,engine3d,,FUN_00435930,64,2,
0x00435970,engine3d,,FUN_00435970,33,31,
0x004359a0,engine3d,,FUN_004359a0,33,12,
0x00435dc0,engine3d,,FUN_00435dc0,144,6,
0x00435ec0,engine3d,BadHandle,FUN_00435ec0,23,5,Bad_Handle!
0x00435fb0,engine3d,,FUN_00435fb0,102,3,
0x00436020,engine3d,,FUN_00436020,102,2,
0x00436090,engine3d,,FUN_00436090,42,1,
0x004360c0,engine3d,,FUN_004360c0,47,3,
0x004360f0,engine3d,,FUN_004360f0,106,2,
0x00436160,engine3d,,FUN_00436160,97,5,
0x00436200,engine3d,,FUN_00436200,41,6,
0x00436c10,engine3d,,FUN_00436c10,57,1,
0x004378f0,engine3d,,FUN_004378f0,126,2,
0x00437d90,engine3d,,FUN_00437d90,16,15,
0x00437da0,engine3d,,FUN_00437da0,475,1,
0x00437f80,engine3d,,FUN_00437f80,780,1,
0x00438290,engine3d,,FUN_00438290,324,29,
0x00439480,engine3d,,FUN_00439480,147,1,
0x004395d0,engine3d,,FUN_004395d0,453,3,
0x004399d0,engine3d,,FUN_004399d0,64,5,
0x00439a10,engine3d,,FUN_00439a10,150,1,
0x00439b90,engine3d,,FUN_00439b90,111,2,
0x0043a660,engine3d,,FUN_0043a660,135,1,
0x0043a750,engine3d,,FUN_0043a750,38,2,
0x0043a780,engine3d,,FUN_0043a780,314,3,
0x0043b060,engine3d,,FUN_0043b060,91,3,
0x0043b0c0,engine3d,,FUN_0043b0c0,46,2,
0x0043b0f0,engine3d,,FUN_0043b0f0,64,5,
0x0043b130,engine3d,,FUN_0043b130,44,4,
0x0043b160,engine3d,,FUN_0043b160,44,5,
0x0043b190,engine3d,,FUN_0043b190,32,2,
0x0043b200,engine3d,,FUN_0043b200,34,1,
0x0043b270,engine3d,,FUN_0043b270,140,2,
0x0043b360,engine3d,,FUN_0043b360,82,2,
0x0043b3c0,engine3d,,FUN_0043b3c0,25,8,
0x0043b480,engine3d,,FUN_0043b480,272,2,
0x0043b740,engine3d,,FUN_0043b740,444,2,
0x0043b940,engine3d,,FUN_0043b940,287,1,
0x0043ba60,engine3d,,FUN_0043ba60,1401,1,
0x0043bfe0,engine3d,,FUN_0043bfe0,474,1,
0x0043c200,engine3d,,FUN_0043c200,10,2,
0x0043c210,engine3d,,FUN_0043c210,13,0,
0x0043c220,engine3d,,FUN_0043c220,21,1,
0x0043c240,engine3d,,FUN_0043c240,56,1,
0x0043c280,engine3d,,FUN_0043c280,106,1,
0x0043c2f0,engine3d,,FUN_0043c2f0,924,1,
0x0043c780,engine3d,,FUN_0043c780,3746,1,
0x0043d630,engine3d,,FUN_0043d630,1306,1,
0x0043dc40,engine3d,,FUN_0043dc40,1414,1,
0x0043e2c0,engine3d,,FUN_0043e2c0,1167,1,
0x0043e840,engine3d,,FUN_0043e840,6825,1,
0x004402f0,engine3d,,FUN_004402f0,7277,1,
0x00441f60,engine3d,,FUN_00441f60,5895,1,
0x00443670,engine3d,,FUN_00443670,6054,1,
0x00444e20,engine3d,,FUN_00444e20,6241,1,
0x00446690,engine3d,,FUN_00446690,4003,1,
0x00447640,engine3d,,FUN_00447640,1275,1,
0x00447c30,engine3d,,FUN_00447c30,138,1,
0x00447d90,engine3d,,FUN_00447d90,129,1,
0x00447ee0,engine3d,,FUN_00447ee0,99,2,
0x00447f50,engine3d,,FUN_00447f50,9032,0,
0x0044a370,engine3d,,FUN_0044a370,346,1,
0x0044a4d0,engine3d,,FUN_0044a4d0,351,1,
0x0044a630,engine3d,,FUN_0044a630,126,1,
0x0044a6b0,engine3d,,FUN_0044a6b0,365,2,
0x0044a820,engine3d,,FUN_0044a820,643,2,
0x0044ab80,engine3d,,FUN_0044ab80,1220,1,
0x0044b120,engine3d,,FUN_0044b120,1346,0,
0x0044b740,engine3d,,FUN_0044b740,284,1,
0x0044b860,engine3d,,FUN_0044b860,21,0,
0x0044b880,engine3d,,FUN_0044b880,644,1,
0x0044bb10,engine3d,,FUN_0044bb10,587,1,
0x0044bd60,engine3d,,FUN_0044bd60,440,1,
0x0044bf20,engine3d,,FUN_0044bf20,480,1,
0x0044c100,engine3d,,FUN_0044c100,278,1,
0x0044c220,engine3d,,FUN_0044c220,335,1,
0x0044c370,engine3d,,FUN_0044c370,5247,1,
0x0044d980,engine3d,,FUN_0044d980,420,1,
0x0044db30,engine3d,,FUN_0044db30,226,1,
0x0044dc30,engine3d,,FUN_0044dc30,808,1,
0x0044df60,engine3d,,FUN_0044df60,6968,1,
0x0044fb10,engine3d,,FUN_0044fb10,495,1,
0x0044fec0,engine3d,,FUN_0044fec0,434,1,
0x00450160,engine3d,,FUN_00450160,148,2,
0x004503b0,engine3d,,FUN_004503b0,670,1,
0x00450650,engine3d,,FUN_00450650,106,1,
0x00450cb0,engine3d,,FUN_00450cb0,402,1,
0x00450e50,engine3d,,FUN_00450e50,375,2,
0x00450fd0,engine3d,,FUN_00450fd0,403,2,
0x00451170,engine3d,,FUN_00451170,2713,3,
0x00451c10,engine3d,,FUN_00451c10,269,6,
0x00451d20,engine3d,,FUN_00451d20,235,3,
0x00451e10,engine3d,,FUN_00451e10,258,0,
0x00451f20,engine3d,,FUN_00451f20,228,0,
0x00452010,engine3d,,FUN_00452010,322,0,
0x00452160,engine3d,,FUN_00452160,143,0,
0x004521f0,engine3d,,FUN_004521f0,240,0,
0x004522e0,engine3d,,FUN_004522e0,1650,0,
0x00452960,engine3d,,FUN_00452960,950,0,
0x00452d20,engine3d,,FUN_00452d20,616,0,
0x00452f90,engine3d,,FUN_00452f90,571,0,
0x004531d0,engine3d,,FUN_004531d0,3,0,
0x004549f0,engine3d,,FUN_004549f0,158,1,
0x00454a8e,engine3d,,FUN_00454a8e,68,2,
0x00454af0,engine3d,,FUN_00454af0,158,1,
0x00455470,engine3d/asm,,FUN_00455470,119,1,
0x00465bd0,cryo/codec,,FUN_00465bd0,446,0,
0x00465d8e,cryo/codec,,FUN_00465d8e,615,3,
0x00465ff5,cryo/codec,,FUN_00465ff5,615,0,
0x00466260,cryo/codec,,FUN_00466260,93,0,
0x004662bd,cryo/codec,,FUN_004662bd,1055,0,
0x004666dc,cryo/codec,,FUN_004666dc,209,0,
0x004667ad,cryo/codec,,FUN_004667ad,284,2,
0x004668c9,cryo/codec,Adpcm_ErrorString,FUN_004668c9,392,0,ADPCMERR_*
0x00466a81,cryo/codec,,FUN_00466a81,117,1,
0x00466af6,cryo/codec,,FUN_00466af6,144,1,
0x00466b90,cryo/codec,,FUN_00466b90,51,1,
0x00466bc3,cryo/codec,,FUN_00466bc3,372,1,
0x00466d40,cryo/file,,FUN_00466d40,68,3,
0x00466f10,cryo/file,,FUN_00466f10,69,1,
0x00467070,cryo/file,,FUN_00467070,159,11,
0x00467110,cryo/file,,FUN_00467110,39,13,
0x00467140,cryo/file,,FUN_00467140,39,4,
0x00467170,cryo/file,,FUN_00467170,64,6,
0x004671b0,cryo/file,,FUN_004671b0,37,3,
0x004671e0,cryo/file,,FUN_004671e0,12,16,
0x004671f0,cryo/file,,FUN_004671f0,104,0,
0x00467290,cryo/font,,FUN_00467290,240,1,
0x00467380,cryo/font,Font_StyleName,FUN_00467380,206,0,Regular|Italic|Bold|Bold Italic
0x004674a0,cryo/font,,FUN_004674a0,10,1,
0x004674aa,cryo/font,,FUN_004674aa,10,1,
0x004674b4,cryo/font,,FUN_004674b4,21,0,
0x004674c9,cryo/font,,FUN_004674c9,29,1,
0x004674e8,cryo/font,,FUN_004674e8,21,1,
0x004674fd,cryo/font,,FUN_004674fd,21,1,
0x00467514,cryo/misc,,FUN_00467514,352,1,
0x00467674,cryo/misc,,FUN_00467674,148,1,
0x00467708,cryo/misc,,FUN_00467708,216,2,
0x004677e0,cryo/misc,,FUN_004677e0,164,1,
0x00467884,cryo/misc,,FUN_00467884,166,1,
0x0046792c,cryo/misc,,FUN_0046792c,309,2,
0x00467a64,cryo/misc,,FUN_00467a64,183,2,
0x00467b1b,cryo/misc,,FUN_00467b1b,2193,2,
0x004683ac,cryo/misc,,FUN_004683ac,508,1,
0x004685a8,cryo/misc,,FUN_004685a8,132,1,
0x0046862c,cryo/misc,,FUN_0046862c,70,2,
0x00468672,cryo/misc,,FUN_00468672,70,1,
0x004686b8,cryo/misc,,FUN_004686b8,1695,2,
0x00468d58,cryo/misc,,FUN_00468d58,144,2,
0x00468de8,cryo/misc,,FUN_00468de8,101,1,
0x00468e50,cryo/misc,,FUN_00468e50,360,1,
0x00468f1c,cryo/misc,,FUN_00468f1c,462,1,
0x0046a3c8,cryo/misc,,FUN_0046a3c8,260,2,
0x0046a4cc,cryo/misc,,FUN_0046a4cc,118,1,
0x0046a544,cryo/misc,,FUN_0046a544,1190,1,
0x0046a9f8,cryo/misc,,FUN_0046a9f8,684,1,
0x0046acac,cryo/misc,,FUN_0046acac,708,1,
0x0046af78,cryo/misc,,FUN_0046af78,605,3,
0x0046b1dc,cryo/misc,,FUN_0046b1dc,351,1,
0x0046b340,cryo/misc,,FUN_0046b340,379,1,
0x0046b4c0,cryo/misc,,FUN_0046b4c0,281,3,
0x0046b5dc,cryo/misc,,FUN_0046b5dc,113,1,
0x0046b650,cryo/misc,,FUN_0046b650,547,1,
0x0046b76c,cryo/misc,,FUN_0046b76c,272,1,
0x0046b814,cryo/misc,,FUN_0046b814,272,1,
0x0046b8bc,cryo/misc,,FUN_0046b8bc,705,3,
0x0046baa8,cryo/misc,,FUN_0046baa8,268,1,
0x0046bb80,cryo/misc,,FUN_0046bb80,280,1,
0x0046f424,cryo/misc,,FUN_0046f424,15,0,
0x0046f433,cryo/misc,,FUN_0046f433,15,0,
0x0046f442,cryo/misc,,FUN_0046f442,21,1,
0x0046f457,cryo/misc,,FUN_0046f457,105,1,
0x0046f4c0,cryo/misc,,FUN_0046f4c0,105,1,
0x0046f529,cryo/misc,,FUN_0046f529,108,1,
0x0046f595,cryo/misc,,FUN_0046f595,27,1,
0x0046f5b0,cryo/misc,,FUN_0046f5b0,27,1,
0x0046f5cb,cryo/misc,,FUN_0046f5cb,27,1,
0x0046f5e6,cryo/misc,,FUN_0046f5e6,27,1,
0x0046f601,cryo/misc,,FUN_0046f601,27,1,
0x0046f61c,cryo/misc,,FUN_0046f61c,27,1,
0x0046f637,cryo/misc,,FUN_0046f637,27,1,
0x0046f652,cryo/misc,,FUN_0046f652,24,3,
0x0046f66a,cryo/misc,,FUN_0046f66a,27,1,
0x0046f685,cryo/misc,,FUN_0046f685,27,1,
0x0046f6a0,cryo/misc,,FUN_0046f6a0,30,1,
0x0046f6be,cryo/misc,,FUN_0046f6be,27,1,
0x0046f6d9,cryo/misc,,FUN_0046f6d9,30,0,
0x0046f6f7,cryo/misc,,FUN_0046f6f7,31,1,
0x0046f716,cryo/misc,,FUN_0046f716,99,1,
0x0046f779,cryo/misc,,FUN_0046f779,18,4,
0x0046f78b,cryo/misc,,FUN_0046f78b,21,4,
0x0046f7a0,cryo/misc,,FUN_0046f7a0,30,1,
0x0046f7be,cryo/misc,,FUN_0046f7be,30,4,
0x0046f7dc,cryo/misc,,FUN_0046f7dc,30,2,
0x0046f7fa,cryo/misc,,FUN_0046f7fa,30,0,
0x0046f818,cryo/misc,,FUN_0046f818,30,4,
0x0046f836,cryo/misc,,FUN_0046f836,28,1,
0x0046f852,cryo/misc,,FUN_0046f852,27,1,
0x0046f86d,cryo/misc,,FUN_0046f86d,72,1,
0x0046f8b5,cryo/misc,,FUN_0046f8b5,76,1,
0x0046f901,cryo/misc,,FUN_0046f901,170,1,
0x0046f9ab,cryo/misc,,FUN_0046f9ab,120,1,
0x0046fa23,cryo/misc,,FUN_0046fa23,165,1,
0x0046fac8,cryo/misc,,FUN_0046fac8,131,1,
0x0046fb4b,cryo/misc,,FUN_0046fb4b,123,2,
0x0046fbc6,cryo/misc,,FUN_0046fbc6,195,2,
0x0046fc89,cryo/misc,,FUN_0046fc89,127,1,
0x0046fd08,cryo/misc,,FUN_0046fd08,90,1,
0x0046fd62,cryo/misc,,FUN_0046fd62,55,1,
0x0046fd99,cryo/misc,,FUN_0046fd99,90,1,
0x0046fdf3,cryo/misc,,FUN_0046fdf3,62,1,
0x0046fe31,cryo/misc,,FUN_0046fe31,36,1,
0x0046fe55,cryo/misc,,FUN_0046fe55,184,1,
0x0046ff0d,cryo/misc,,FUN_0046ff0d,145,1,
0x0046ff9e,cryo/misc,,FUN_0046ff9e,370,1,
0x00470110,cryo/misc,,FUN_00470110,398,1,
0x0047029e,cryo/misc,,FUN_0047029e,117,1,
0x0047037a,cryo/misc,,FUN_0047037a,34,1,
0x0047039c,cryo/misc,,FUN_0047039c,34,1,
0x004703be,cryo/misc,,FUN_004703be,220,1,
0x0047049a,cryo/misc,,FUN_0047049a,320,1,
0x004705da,cryo/misc,,FUN_004705da,163,1,
0x0047067d,cryo/misc,,FUN_0047067d,278,1,
0x00470793,cryo/misc,,FUN_00470793,446,1,
0x00470951,cryo/misc,,FUN_00470951,21,1,
0x00470970,cryo/misc,,FUN_00470970,105,1,
0x004709e0,cryo/memory,m__purge,FUN_004709e0,154,1,> m__purge ()
0x00470a80,cryo/memory,m__malloc,FUN_00470a80,274,13,> m__malloc (%u)
0x00470ba0,cryo/memory,m__calloc,FUN_00470ba0,79,4,"> m__calloc (%u, %u)"
0x00470e10,cryo/memory,m__free,FUN_00470e10,134,17,> m__free (0x%08X)
0x00470ea0,cryo/memory,m__defrag,FUN_00470ea0,143,2,> m__defrag()
0x00470f30,cryo/memory,,FUN_00470f30,52,1,
0x00470f70,cryo/memory,,FUN_00470f70,6,1,
0x00470f80,cryo/memory,,FUN_00470f80,6,1,
0x00471080,cryo/memory,,FUN_00471080,6,1,
0x00471090,cryo/ddraw,,FUN_00471090,68,1,
0x004710e0,cryo/ddraw,DD_Create,FUN_004710e0,162,0,DirectDrawCreate
0x00471190,cryo/ddraw,,FUN_00471190,88,1,
0x004712e0,cryo/ddraw,,FUN_004712e0,1765,2,
0x004719d0,cryo/ddraw,,FUN_004719d0,96,1,
0x00471a30,cryo/ddraw,,FUN_00471a30,142,1,
0x00471ac0,cryo/ddraw,,FUN_00471ac0,248,2,
0x00471bc0,cryo/ddraw,,FUN_00471bc0,102,3,
0x00471c70,cryo/ddraw,,FUN_00471c70,87,1,
0x00471cd0,cryo/ddraw,,FUN_00471cd0,109,2,
0x00471d40,cryo/ddraw,,FUN_00471d40,316,5,
0x00471fd0,cryo/ddraw,,FUN_00471fd0,92,5,
0x00472030,cryo/ddraw,,FUN_00472030,202,5,
0x004721d0,cryo/ddraw,,FUN_004721d0,68,1,
0x00472220,cryo/ddraw,,FUN_00472220,6,1,
0x00472230,cryo/ddraw,,FUN_00472230,6,1,
0x00472240,cryo/ddraw,,FUN_00472240,6,1,
0x00472270,cryo/ddraw,,FUN_00472270,21,1,
0x00472410,cryo/dinput,DI_Create,FUN_00472410,158,1,DirectInputCreateA
0x004724b0,cryo/dinput,,FUN_004724b0,50,2,
0x00472590,cryo/dinput,,FUN_00472590,213,1,
0x00472670,cryo/dinput,,FUN_00472670,45,4,
0x004726a0,cryo/dinput,,FUN_004726a0,53,1,
0x004726e0,cryo/dinput,,FUN_004726e0,47,3,
0x00472710,cryo/dinput,,FUN_00472710,192,2,
0x004727d0,cryo/dinput,,FUN_004727d0,154,1,
0x00472870,cryo/dinput,,FUN_00472870,154,1,
0x00472910,cryo/dinput,,FUN_00472910,155,1,
0x00472a20,cryo/dinput,,FUN_00472a20,180,1,
0x00472ae0,cryo/dinput,,FUN_00472ae0,45,3,
0x00472b10,cryo/dinput,,FUN_00472b10,53,1,
0x00472b50,cryo/dinput,,FUN_00472b50,47,3,
0x00472b80,cryo/dinput,,FUN_00472b80,62,2,
0x00472bc0,cryo/dinput,,FUN_00472bc0,68,1,
0x00472d40,cryo/dsound,DS_Create,FUN_00472d40,340,1,DirectSoundCreate
0x00472ea0,cryo/dsound,,FUN_00472ea0,77,1,
0x00473300,cryo/dsound,,FUN_00473300,275,4,
0x00473420,cryo/dsound,,FUN_00473420,139,4,
0x004734b0,cryo/dsound,,FUN_004734b0,97,1,
0x00473520,cryo/dsound,,FUN_00473520,311,1,
0x004736d0,cryo/dsound,,FUN_004736d0,24,1,
0x00473770,cryo/dsound,,FUN_00473770,24,5,
0x004737b0,cryo/dsound,,FUN_004737b0,133,1,
0x00473850,cryo/dsound,,FUN_00473850,133,1,
0x004738e0,cryo/dsound,,FUN_004738e0,135,3,
0x00473970,cryo/dsound,,FUN_00473970,28,4,
0x00473a50,cryo/dsound,,FUN_00473a50,126,2,
0x00473f50,cryo/dsound,,FUN_00473f50,63,1,
0x00473f90,cryo/dsound,,FUN_00473f90,73,1,
0x00473fe0,cryo/dsound,,FUN_00473fe0,53,1,
0x00474020,cryo/dsound,,FUN_00474020,63,1,
0x004740e0,cryo/dsound,,FUN_004740e0,73,1,
0x00474130,cryo/dsound,,FUN_00474130,73,1,
0x00474180,cryo/dsound,,FUN_00474180,80,1,
0x004743e0,cryo/dsound,,FUN_004743e0,97,3,
0x00474450,cryo/dsound,,FUN_00474450,112,0,
0x004744c0,cryo/dsound,,FUN_004744c0,502,3,
0x004746c0,cryo/dsound,,FUN_004746c0,118,2,
0x00474740,cryo/dsound,,FUN_00474740,1140,4,
0x00474bc0,cryo/dsound,,FUN_00474bc0,255,4,
0x00474cc0,msvcrt,,FUN_00474cc0,250,35,CRT source sprintf.c
0x00474dc0,msvcrt,,_memset,88,23,
0x00474e20,msvcrt,,FUN_00474e20,664,29,
0x00475160,msvcrt,,FUN_00475160,56,1,
0x004751a0,msvcrt,,FUN_004751a0,21,5,
0x004751c0,msvcrt,,__exit,21,3,
0x004751e0,msvcrt,,FUN_004751e0,19,0,
0x00475200,msvcrt,,FUN_00475200,19,0,
0x00475220,msvcrt,,FUN_00475220,217,4,
0x00475300,msvcrt,,__initterm,37,2,
0x00475330,msvcrt,,FUN_00475330,243,1,CRT source vsprintf.c
0x00475430,msvcrt,,_strncpy,254,6,
0x00475530,msvcrt,,_strlen,123,14,
0x004755b0,msvcrt,,FUN_004755b0,33,1,
0x004755e0,msvcrt,,FUN_004755e0,5,0,
0x004755f0,msvcrt,,FUN_004755f0,65,1,
0x00475640,msvcrt,,FUN_00475640,28,0,
0x00475660,msvcrt,,FUN_00475660,7,43,
0x00475670,msvcrt,,FUN_00475670,224,11,
0x00475750,msvcrt,,__ftol,39,40,
0x00475780,msvcrt,,FUN_00475780,20,0,
0x00475794,msvcrt,,FUN_00475794,9,1,
0x0047579d,msvcrt,,FUN_0047579d,145,1,
0x00475830,msvcrt,,FUN_00475830,664,3,
0x00475b70,msvcrt,,FUN_00475b70,20,0,
0x00475b84,msvcrt,,FUN_00475b84,9,1,
0x00475b8d,msvcrt,,FUN_00475b8d,145,1,
0x00475c20,msvcrt,,FUN_00475c20,221,6,CRT source fclose.c
0x00475d00,msvcrt,,FUN_00475d00,537,2,
0x00475f20,msvcrt,,FUN_00475f20,240,1,CRT source fopen.c
0x00476010,msvcrt,,FUN_00476010,23,5,
0x00476030,msvcrt,,FUN_00476030,463,2,
0x00476200,msvcrt,,FUN_00476200,294,2,CRT source fseek.c
0x00476330,msvcrt,,FUN_00476330,132,1,CRT source fscanf.c
0x004763c0,msvcrt,,_strcmp,129,3,
0x00476450,msvcrt,,FUN_00476450,20,0,
0x00476464,msvcrt,,FUN_00476464,9,8,
0x0047646d,msvcrt,,FUN_0047646d,157,1,
0x00476510,msvcrt,,entry,501,0,
0x00476740,msvcrt,,__amsg_exit,40,5,
0x00476770,msvcrt,,FUN_00476770,40,1,
0x004767a0,msvcrt,,FUN_004767a0,29,5,
0x004767c0,msvcrt,,FUN_004767c0,35,14,
0x004767f0,msvcrt,,__nh_malloc,27,0,
0x00476810,msvcrt,,__nh_malloc_dbg,74,3,
0x00476860,msvcrt,,FUN_00476860,23,0,
0x00476880,msvcrt,,FUN_00476880,787,2,CRT source dbgheap.c
0x00476ba0,msvcrt,,FUN_00476ba0,27,0,
0x00476bc0,msvcrt,,__calloc_dbg,96,4,
0x00476c20,msvcrt,,FUN_00476c20,27,2,
0x00476c40,msvcrt,,__realloc_dbg,44,1,
0x00476c70,msvcrt,,FUN_00476c70,1297,2,CRT source dbgheap.c
0x00477190,msvcrt,,FUN_00477190,27,0,
0x004771b0,msvcrt,,__expand_dbg,44,1,
0x004771e0,msvcrt,,FUN_004771e0,19,6,
0x00477200,msvcrt,,FUN_00477200,1004,13,CRT source dbgheap.c
0x004775f0,msvcrt,,FUN_004775f0,19,0,
0x00477610,msvcrt,,FUN_00477610,322,1,CRT source dbgheap.c
0x00477760,msvcrt,,FUN_00477760,28,0,
0x00477780,msvcrt,,FUN_00477780,137,0,CRT source dbgheap.c
0x00477810,msvcrt,,FUN_00477810,28,0,
0x00477830,msvcrt,,FUN_00477830,136,2,
0x004778c0,msvcrt,,FUN_004778c0,833,4,
0x00477c20,msvcrt,,FUN_00477c20,34,1,
0x00477c50,msvcrt,,FUN_00477c50,83,0,
0x00477cb0,msvcrt,,FID_conflict:AtlIsValidAddress,75,3,
0x00477d00,msvcrt,,FUN_00477d00,144,5,
0x00477d90,msvcrt,,FUN_00477d90,197,0,
0x00477e60,msvcrt,,FUN_00477e60,28,0,
0x00477e80,msvcrt,,FUN_00477e80,342,1,
0x00477fe0,msvcrt,,FUN_00477fe0,291,0,
0x00478110,msvcrt,,FUN_00478110,677,1,
0x004783c0,msvcrt,,FUN_004783c0,276,1,
0x004784e0,msvcrt,,FUN_004784e0,116,1,
0x00478560,msvcrt,,FUN_00478560,197,0,
0x00478630,msvcrt,,FUN_00478630,124,5,CRT source printf.c
0x004786b0,msvcrt,,FUN_004786b0,20,1,
0x004786cd,msvcrt,,FUN_004786cd,174,1,
0x00478780,msvcrt,,FUN_00478780,25,1,
0x004787a2,msvcrt,,FUN_004787a2,78,1,
0x004789a0,msvcrt,,FUN_004789a0,13,0,
0x004789b0,msvcrt,,FUN_004789b0,39,0,
0x004789e0,msvcrt,,_strncmp,56,2,
0x00478a20,msvcrt,,FUN_00478a20,169,5,CRT source fprintf.c
0x00478ad0,msvcrt,,FUN_00478ad0,626,6,CRT source _flsbuf.c
0x00478d50,msvcrt,,FUN_00478d50,3101,6,CRT source output.c
0x00479a80,msvcrt,,FUN_00479a80,119,3,
0x00479b00,msvcrt,,FUN_00479b00,53,1,
0x00479b40,msvcrt,,FUN_00479b40,74,1,
0x00479b90,msvcrt,,FUN_00479b90,26,1,
0x00479bb0,msvcrt,,FUN_00479bb0,31,1,
0x00479bd0,msvcrt,,FUN_00479bd0,27,1,
0x00479bf0,msvcrt,,FUN_00479bf0,11,2,
0x00479c00,msvcrt,,FUN_00479c00,87,0,
0x00479c60,msvcrt,,__CrtSetReportFile,126,0,
0x00479ce0,msvcrt,,FUN_00479ce0,28,0,
0x00479d00,msvcrt,,FUN_00479d00,912,38,
0x0047a090,msvcrt,,FUN_0047a090,780,1,CRT source dbgrpt.c
0x0047a3a0,msvcrt,,__setdefaultprecision,23,2,
0x0047a3c0,msvcrt,,FUN_0047a3c0,94,1,
0x0047a420,msvcrt,,__ms_p5_mp_test_fdiv,66,1,
0x0047a470,msvcrt,,FUN_0047a470,168,0,
0x0047a520,msvcrt,,__cropzeros,215,0,
0x0047a600,msvcrt,,__positive,45,0,
0x0047a630,msvcrt,,__fassign,72,0,
0x0047a680,msvcrt,,FUN_0047a680,444,2,
0x0047a840,msvcrt,,FUN_0047a840,392,2,
0x0047a9d0,msvcrt,,FUN_0047a9d0,244,1,
0x0047aad0,msvcrt,,__cftoe_g,52,1,
0x0047ab10,msvcrt,,__cftof_g,48,1,
0x0047ab40,msvcrt,,__cfltcvt,95,0,
0x0047aba0,msvcrt,,__shift,46,2,
0x0047acc8,msvcrt,,FUN_0047acc8,5,0,
0x0047acd6,msvcrt,,FUN_0047acd6,5,0,
0x0047adb5,msvcrt,,FUN_0047adb5,23,3,
0x0047adcc,msvcrt,,FUN_0047adcc,25,4,
0x0047ade5,msvcrt,,__fload_withFB,67,4,
0x0047ae28,msvcrt,,FUN_0047ae28,22,4,
0x0047ae3e,msvcrt,,FUN_0047ae3e,13,0,
0x0047ae4b,msvcrt,,__math_exit,42,4,
0x0047af30,msvcrt,,FUN_0047af30,23,0,
0x0047af47,msvcrt,,__startOneArgErrorHandling,60,5,
0x0047af90,msvcrt,,FUN_0047af90,237,2,
0x0047b080,msvcrt,,FUN_0047b080,146,1,CRT source _freebuf.c
0x0047b120,msvcrt,,FUN_0047b120,83,1,
0x0047b180,msvcrt,,FUN_0047b180,183,5,
0x0047b240,msvcrt,,FUN_0047b240,15,1,
0x0047b250,msvcrt,,FUN_0047b250,222,2,
0x0047b330,msvcrt,,FUN_0047b330,674,4,
0x0047b5e0,msvcrt,,FUN_0047b5e0,797,1,CRT source _open.c
0x0047b970,msvcrt,,FUN_0047b970,238,1,CRT source stream.c
0x0047ba60,msvcrt,,FUN_0047ba60,480,2,CRT source _filbuf.c
0x0047bc40,msvcrt,,FUN_0047bc40,1108,3,
0x0047c0a0,msvcrt,,FUN_0047c0a0,238,8,
0x0047c190,msvcrt,,FUN_0047c190,656,1,CRT source ftell.c
0x0047c420,msvcrt,,FUN_0047c420,4904,1,CRT source input.c
0x0047d810,msvcrt,,FUN_0047d810,88,1,
0x0047d870,msvcrt,,__inc,81,2,
0x0047d8d0,msvcrt,,FUN_0047d8d0,27,1,
0x0047d8f0,msvcrt,,__whiteout,57,1,
0x0047d930,msvcrt,,__XcptFilter,425,0,
0x0047dae0,msvcrt,,xcptlookup,91,1,
0x0047db40,msvcrt,,FUN_0047db40,21,0,
0x0047db60,msvcrt,,FUN_0047db60,21,0,
0x0047db80,msvcrt,,FUN_0047db80,21,0,
0x0047dba0,msvcrt,,FUN_0047dba0,24,0,
0x0047dbc0,msvcrt,,FUN_0047dbc0,24,0,
0x0047dbe0,msvcrt,,FUN_0047dbe0,24,0,
0x0047dc00,msvcrt,,FUN_0047dc00,24,0,
0x0047dc20,msvcrt,,FUN_0047dc20,21,0,
0x0047dc40,msvcrt,,FUN_0047dc40,21,1,
0x0047dc60,msvcrt,,FUN_0047dc60,21,0,
0x0047dc80,msvcrt,,__ismbbkana,59,0,
0x0047dcc0,msvcrt,,FUN_0047dcc0,98,11,
0x0047dd30,msvcrt,,FUN_0047dd30,305,1,CRT source stdenvp.c
0x0047de70,msvcrt,,FUN_0047de70,199,1,CRT source stdargv.c
0x0047df40,msvcrt,,FUN_0047df40,1060,1,
0x0047e370,msvcrt,,FUN_0047e370,633,0,CRT source aw_env.c
0x0047e5f0,msvcrt,,FUN_0047e5f0,540,1,CRT source aw_env.c
0x0047e810,msvcrt,,FUN_0047e810,766,1,
0x0047eb10,msvcrt,,getSystemCP,89,1,
0x0047eb70,msvcrt,,FUN_0047eb70,80,1,
0x0047ebf0,msvcrt,,setSBCS,116,1,
0x0047ec70,msvcrt,,FUN_0047ec70,770,1,
0x0047ef80,msvcrt,,FUN_0047ef80,23,0,
0x0047efa0,msvcrt,,FUN_0047efa0,15,1,
0x0047efb0,msvcrt,,FUN_0047efb0,779,1,CRT source ioinit.c
0x0047f2c0,msvcrt,,__ioterm,82,0,
0x0047f320,msvcrt,,FUN_0047f320,68,1,
0x0047f370,msvcrt,,FUN_0047f370,74,0,
0x0047f3bc,msvcrt,,__global_unwind2,32,0,
0x0047f3fe,msvcrt,,__local_unwind2,104,1,
0x0047f492,msvcrt,,FUN_0047f492,24,1,
0x0047f571,msvcrt,,FUN_0047f571,27,0,
0x0047f590,msvcrt,,__FF_MSGBANNER,73,2,
0x0047f5e0,msvcrt,,FUN_0047f5e0,497,3,
0x0047f7e0,msvcrt,,__GET_RTERRMSG,80,0,
0x0047f830,msvcrt,,FUN_0047f830,28,0,
0x0047f850,msvcrt,,FUN_0047f850,10,0,
0x0047f860,msvcrt,,__callnewh,45,3,
0x0047f890,msvcrt,,FUN_0047f890,23,1,
0x0047f8b0,msvcrt,,FUN_0047f8b0,116,1,
0x0047f930,msvcrt,,FUN_0047f930,78,2,
0x0047f980,msvcrt,,FUN_0047f980,10,3,
0x0047f990,msvcrt,,FUN_0047f990,160,1,
0x0047fa30,msvcrt,,FUN_0047fa30,475,1,
0x0047fc10,msvcrt,,FUN_0047fc10,88,2,
0x0047fc70,msvcrt,,FUN_0047fc70,94,2,
0x0047fcd0,msvcrt,,FUN_0047fcd0,10,0,
0x0047fce0,msvcrt,,FUN_0047fce0,10,0,
0x0047fcf0,msvcrt,,FUN_0047fcf0,43,0,
0x0047fd20,msvcrt,,FUN_0047fd20,478,2,
0x0047ff00,msvcrt,,FUN_0047ff00,115,1,
0x0047ff80,msvcrt,,FUN_0047ff80,343,1,
0x004800e0,msvcrt,,FUN_004800e0,144,4,
0x00480170,msvcrt,,FUN_00480170,108,2,
0x004801e0,msvcrt,,FUN_004801e0,952,2,
0x004805a0,msvcrt,,FUN_004805a0,681,1,
0x00480850,msvcrt,,FUN_00480850,356,2,
0x004809c0,msvcrt,,FUN_004809c0,567,1,
0x00480c00,msvcrt,,FUN_00480c00,183,19,
0x00480cc0,msvcrt,,FUN_00480cc0,343,2,CRT source _sftbuf.c
0x00480e20,msvcrt,,FUN_00480e20,177,2,CRT source _sftbuf.c
0x00480ee0,msvcrt,,FUN_00480ee0,294,0,CRT source _file.c
0x00481010,msvcrt,,FUN_00481010,26,0,
0x0048118e,msvcrt,,FUN_0048118e,67,0,
0x00481240,msvcrt,,FUN_00481240,612,0,
0x004814b0,msvcrt,,FUN_004814b0,128,1,
0x00481530,msvcrt,,FUN_00481530,199,3,CRT source _getbuf.c
0x00481600,msvcrt,,__isatty,47,2,
0x00481630,msvcrt,,FUN_00481630,158,1,
0x004816d0,msvcrt,,__aulldiv,104,2,
0x00481740,msvcrt,,__aullrem,117,2,
0x004817c0,msvcrt,,__itoa,66,2,
0x00481810,msvcrt,,xtoa,194,3,
0x004818e0,msvcrt,,__ltoa,63,0,
0x00481920,msvcrt,,__ultoa,30,0,
0x00481940,msvcrt,,__i64toa,72,0,
0x00481990,msvcrt,,FUN_00481990,223,2,
0x00481a70,msvcrt,,__ui64toa,31,0,
0x00481a90,msvcrt,,FUN_00481a90,249,2,CRT source sprintf.c
0x00481b90,msvcrt,,FUN_00481b90,243,1,CRT source vsprintf.c
0x00481c90,msvcrt,,FUN_00481c90,47,4,
0x00481cc0,msvcrt,,FUN_00481cc0,362,0,
0x00481e60,msvcrt,,ctrlevent_capture,104,0,
0x00481ed0,msvcrt,,FUN_00481ed0,388,1,
0x00482090,msvcrt,,siglookup,93,2,
0x004820f0,msvcrt,,FUN_004820f0,187,2,
0x004821b0,msvcrt,,FUN_004821b0,31,0,
0x004821d0,msvcrt,,FUN_004821d0,32,0,
0x004821f0,msvcrt,,FUN_004821f0,79,1,
0x00482240,msvcrt,,__controlfp,26,1,
0x00482260,msvcrt,,FUN_00482260,86,0,
0x004822c0,msvcrt,,FUN_004822c0,377,1,
0x00482440,msvcrt,,FUN_00482440,346,1,
0x004825a0,msvcrt,,FUN_004825a0,167,2,
0x00482650,msvcrt,,FUN_00482650,11,0,
0x00482660,msvcrt,,FUN_00482660,299,2,
0x00482790,msvcrt,,FUN_00482790,132,1,
0x00482820,msvcrt,,FUN_00482820,168,1,
0x004828d0,msvcrt,,FUN_004828d0,218,2,
0x004829b0,msvcrt,,__CopyMan,76,1,
0x00482a00,msvcrt,,__FillZeroMan,47,1,
0x00482a30,msvcrt,,__IsZeroMan,55,1,
0x00482a70,msvcrt,,FUN_00482a70,236,1,
0x00482b60,msvcrt,,FUN_00482b60,578,2,
0x00482db0,msvcrt,,FUN_00482db0,26,1,
0x00482dd0,msvcrt,,FUN_00482dd0,26,1,
0x00482df0,msvcrt,,FUN_00482df0,191,2,
0x00482eb0,msvcrt,,FUN_00482eb0,54,1,
0x00482ef0,msvcrt,,FUN_00482ef0,54,0,
0x00482f30,msvcrt,,FUN_00482f30,54,1,
0x00482f70,msvcrt,,FUN_00482f70,231,3,
0x00483060,msvcrt,,FUN_00483060,113,3,
0x004830e0,msvcrt,,FUN_004830e0,354,1,
0x00483250,msvcrt,,__fptrap,15,2,
0x00483260,msvcrt,,FUN_00483260,348,1,
0x004833e0,msvcrt,,__dosmaperr,139,6,
0x00483470,msvcrt,,FUN_00483470,301,2,CRT source osfinfo.c
0x004835a0,msvcrt,,__set_osfhnd,175,2,
0x00483650,msvcrt,,FUN_00483650,201,1,
0x00483720,msvcrt,,FUN_00483720,94,4,
0x00483780,msvcrt,,FUN_00483780,216,0,
0x00483860,msvcrt,,FUN_00483860,174,1,
0x00483910,msvcrt,,FID_conflict:__open,63,0,
0x00483950,msvcrt,,FUN_00483950,1206,2,
0x00483e50,msvcrt,,FUN_00483e50,348,1,CRT source mbtowc.c
0x00483fb0,msvcrt,,FUN_00483fb0,65,0,
0x00484000,msvcrt,,FUN_00484000,60,0,
0x00484040,msvcrt,,FUN_00484040,60,0,
0x00484080,msvcrt,,FUN_00484080,60,0,
0x004840c0,msvcrt,,FUN_004840c0,65,0,
0x00484110,msvcrt,,FUN_00484110,60,2,
0x00484150,msvcrt,,FUN_00484150,60,0,
0x00484190,msvcrt,,FUN_00484190,65,0,
0x004841e0,msvcrt,,FUN_004841e0,65,0,
0x00484230,msvcrt,,FUN_00484230,65,0,
0x00484280,msvcrt,,FUN_00484280,60,0,
0x004842c0,msvcrt,,FUN_004842c0,16,0,
0x004842d0,msvcrt,,FUN_004842d0,11,0,
0x004842e0,msvcrt,,FUN_004842e0,95,0,
0x00484340,msvcrt,,FUN_00484340,95,0,
0x004843a0,msvcrt,,__allshl,31,1,
0x004843c0,msvcrt,,FUN_004843c0,318,1,CRT source ungetc.c
0x00484500,msvcrt,,FUN_00484500,48,1,
0x00484530,msvcrt,,FUN_00484530,679,0,CRT source aw_map.c
0x004847e0,msvcrt,,FUN_004847e0,86,1,
0x00484840,msvcrt,,FUN_00484840,708,2,CRT source aw_map.c
0x00484b10,msvcrt,,FUN_00484b10,80,1,
0x00484b60,msvcrt,,FUN_00484b60,528,0,CRT source aw_str.c
0x00484d70,msvcrt,,FUN_00484d70,360,2,CRT source aw_str.c
0x00484ee0,msvcrt,,FUN_00484ee0,172,1,
0x00484f90,msvcrt,,FUN_00484f90,279,1,
0x00485781,msvcrt,,FUN_00485781,21,0,
0x00485d20,msvcrt,,FUN_00485d20,62,4,
0x00485d60,msvcrt,,FUN_00485d60,45,0,
0x00485d90,msvcrt,,FUN_00485d90,51,0,
0x00485dd0,msvcrt,,FUN_00485dd0,52,0,
0x00485e10,msvcrt,,FUN_00485e10,124,3,
0x00485e90,msvcrt,,FUN_00485e90,313,4,
0x00485fd0,msvcrt,,FUN_00485fd0,27,1,
0x00485ff0,msvcrt,,__copysign,42,1,
0x00486020,msvcrt,,__chgsign,44,0,
0x00486050,msvcrt,,FUN_00486050,25,0,
0x00486070,msvcrt,,FUN_00486070,300,0,
0x004861a0,msvcrt,,FUN_004861a0,826,0,
0x004864e0,msvcrt,,FUN_004864e0,34,0,
0x00486510,msvcrt,,FUN_00486510,73,0,
0x00486560,msvcrt,,FUN_00486560,211,1,
0x00486640,msvcrt,,___addl,62,3,
0x00486680,msvcrt,,___add_12,173,2,
0x00486730,msvcrt,,___shl_12,96,3,
0x00486790,msvcrt,,___shr_12,99,2,
0x00486800,msvcrt,,FUN_00486800,315,1,
0x00486940,msvcrt,,FUN_00486940,2586,4,
0x00487480,msvcrt,,FUN_00487480,79,0,
0x004874d0,msvcrt,,FUN_004874d0,1302,1,
0x004879f0,msvcrt,,FUN_004879f0,84,1,
0x00487a50,msvcrt,,FUN_00487a50,102,2,
0x00487ac0,msvcrt,,FUN_00487ac0,178,1,
0x00487b80,msvcrt,,FUN_00487b80,206,2,
0x00487c50,msvcrt,,FUN_00487c50,1201,3,
0x00488120,msvcrt,,FUN_00488120,882,3,
0x004884a0,msvcrt,,__umatherr,155,4,
0x00488540,msvcrt,,__set_errno,56,4,
0x00488580,msvcrt,,__get_fname,63,1,
0x004885c0,msvcrt,,FUN_004885c0,113,2,
0x00488640,msvcrt,,__matherr,7,2,
0x00488650,msvcrt,,FUN_00488650,22,1,
0x00488670,msvcrt,,FUN_00488670,23,1,
0x00488690,msvcrt,,FUN_00488690,50,9,
0x004886d0,msvcrt,,FUN_004886d0,117,1,
0x00488750,msvcrt,,FUN_00488750,613,1,CRT source chsize.c
0x004889c0,msvcrt,,FUN_004889c0,700,1,
0x00488c80,msvcrt,,FUN_00488c80,1091,2,
0x004890d0,msvcrt,,FUN_004890d0,195,2,
0x004891a0,msvcrt,,FUN_004891a0,252,1,
0x0048a530,msvcrt,,__strcmpi,140,2,
0x0048a5c0,msvcrt,,FUN_0048a5c0,159,0,
0x0048a660,msvcrt,,FUN_0048a660,276,1,
0x0048a780,msvcrt,,FUN_0048a780,89,0,
0x0048a7e0,msvcrt,,FUN_0048a7e0,246,0,
0x0048a8e0,msvcrt,,FUN_0048a8e0,43,0,
0x0048a910,msvcrt,,FUN_0048a910,365,2,
0x0048aa80,msvcrt,,___initconin,36,2,
0x0048aab0,msvcrt,,___initconout,36,1,
0x0048aae0,msvcrt,,___termcon,66,0,
0x0048ab30,msvcrt,,FUN_0048ab30,80,1,
