address,program,source_file,min_line,max_line,assert_count,size,xref_count,current_name
004555f3,MissionD.exe,D:\MissionD\Source\FrameWork Sources\LArray.cpp,35,35,1,197,1,LArray_35
00446147,MissionD.exe,D:\MissionD\Source\FrameWork Sources\LBitmapReader.cpp,379,388,2,981,1,LBitmapReader_379
00446717,MissionD.exe,D:\MissionD\Source\FrameWork Sources\LBitmapReader.cpp,548,579,2,1325,1,LBitmapReader_548
00456d11,MissionD.exe,D:\MissionD\Source\FrameWork Sources\LClassCreator.cpp,128,128,1,359,1,LClassCreator_128
0045423a,MissionD.exe,D:\MissionD\Source\FrameWork Sources\LFrameReader.cpp,97,97,1,406,1,LFrameReader_97
004549f7,MissionD.exe,D:\MissionD\Source\FrameWork Sources\LFrameReader.cpp,381,381,1,164,1,LFrameReader_381
00458911,MissionD.exe,D:\MissionD\Source\FrameWork Sources\LKeyState.cpp,41,72,5,758,0,LKeyState_41
0045bde8,MissionD.exe,D:\MissionD\Source\FrameWork Sources\LMouseState.cpp,52,87,5,681,0,LMouseState_52
0045cbec,MissionD.exe,D:\MissionD\Source\FrameWork Sources\LMultipleMediaObject.cpp,118,118,1,440,1,LMultipleMediaObject_118
0045cf2f,MissionD.exe,D:\MissionD\Source\FrameWork Sources\LMultipleMediaObject.cpp,313,313,1,1106,1,LMultipleMediaObject_313
0044a64d,MissionD.exe,D:\MissionD\Source\FrameWork Sources\LOptionScreen.cpp,566,566,1,873,1,LOptionScreen_566
0044a9b6,MissionD.exe,D:\MissionD\Source\FrameWork Sources\LOptionScreen.cpp,588,588,1,316,1,LOptionScreen_588
0044bc68,MissionD.exe,D:\MissionD\Source\FrameWork Sources\LOptionScreen.cpp,1120,1120,1,323,1,LOptionScreen_1120
0044bdab,MissionD.exe,D:\MissionD\Source\FrameWork Sources\LOptionScreen.cpp,1144,1144,1,500,1,LOptionScreen_1144
00460930,MissionD.exe,D:\MissionD\Source\FrameWork Sources\LSharedMediaObject.cpp,72,72,1,168,1,LSharedMediaObject_72
00460b67,MissionD.exe,D:\MissionD\Source\FrameWork Sources\LSharedMediaObject.cpp,241,241,1,922,1,LSharedMediaObject_241
00461370,MissionD.exe,D:\MissionD\Source\FrameWork Sources\LSimpleMediaObject.cpp,69,69,1,168,1,LSimpleMediaObject_69
00461418,MissionD.exe,D:\MissionD\Source\FrameWork Sources\LSimpleMediaObject.cpp,88,88,1,194,1,LSimpleMediaObject_88
00461574,MissionD.exe,D:\MissionD\Source\FrameWork Sources\LSimpleMediaObject.cpp,204,204,1,726,1,LSimpleMediaObject_204
0043fb5f,MissionD.exe,D:\MissionD\Source\FrameWork Sources\LSound.cpp,72,72,1,648,1,LSound_72
0043fde7,MissionD.exe,D:\MissionD\Source\FrameWork Sources\LSound.cpp,185,254,6,1205,1,LSound_185
004402a9,MissionD.exe,D:\MissionD\Source\FrameWork Sources\LSound.cpp,317,340,2,447,1,LSound_317
00440468,MissionD.exe,D:\MissionD\Source\FrameWork Sources\LSound.cpp,369,378,2,406,1,LSound_369
004405fe,MissionD.exe,D:\MissionD\Source\FrameWork Sources\LSound.cpp,406,446,2,577,1,LSound_406
0044083f,MissionD.exe,D:\MissionD\Source\FrameWork Sources\LSound.cpp,469,483,2,335,1,LSound_469
004409b9,MissionD.exe,D:\MissionD\Source\FrameWork Sources\LSound.cpp,517,517,1,247,1,LSound_517
00440ab0,MissionD.exe,D:\MissionD\Source\FrameWork Sources\LSound.cpp,543,543,1,211,1,LSound_543
00440bac,MissionD.exe,D:\MissionD\Source\FrameWork Sources\LSound.cpp,574,606,4,565,1,LSound_574
00440de1,MissionD.exe,D:\MissionD\Source\FrameWork Sources\LSound.cpp,633,658,3,524,1,LSound_633
00440fed,MissionD.exe,D:\MissionD\Source\FrameWork Sources\LSound.cpp,682,696,2,496,0,LSound_682
00441c10,MissionD.exe,D:\MissionD\Source\FrameWork Sources\LSoundManager.cpp,99,154,6,1060,1,LSoundManager_99
0044209d,MissionD.exe,D:\MissionD\Source\FrameWork Sources\LSoundManager.cpp,221,221,1,480,1,LSoundManager_221
0044235c,MissionD.exe,D:\MissionD\Source\FrameWork Sources\LSoundManager.cpp,290,311,2,466,1,LSoundManager_290
00442652,MissionD.exe,D:\MissionD\Source\FrameWork Sources\LSoundManager.cpp,397,397,1,164,1,LSoundManager_397
004426f6,MissionD.exe,D:\MissionD\Source\FrameWork Sources\LSoundManager.cpp,413,419,2,363,1,LSoundManager_413
0044de63,MissionD.exe,D:\MissionD\Source\FrameWork Sources\LUser.cpp,222,222,1,872,1,LUser_222
0044e1cb,MissionD.exe,D:\MissionD\Source\FrameWork Sources\LUser.cpp,244,244,1,316,1,LUser_244
00424466,MissionD.exe,D:\MissionD\Source\Sound\XSndStream.cpp,115,115,1,443,0,XSndStream_115
00424802,MissionD.exe,D:\MissionD\Source\Sound\XSndStream.cpp,201,201,1,247,1,XSndStream_201
004249b0,MissionD.exe,D:\MissionD\Source\Sound\XSndStream.cpp,245,245,1,594,1,XSndStream_245
00424c84,MissionD.exe,D:\MissionD\Source\Sound\XSndStream.cpp,327,327,1,333,1,XSndStream_327
00424ef5,MissionD.exe,D:\MissionD\Source\Sound\XSndStream.cpp,406,406,1,125,1,XSndStream_406
00424f72,MissionD.exe,D:\MissionD\Source\Sound\XSndStream.cpp,445,475,4,472,1,XSndStream_445
004258c3,MissionD.exe,D:\MissionD\Source\Sound\XTimer.cpp,19,21,3,178,1,XTimer_19
00425f21,MissionD.exe,D:\MissionD\Source\Sound\XWaveFile.cpp,214,226,2,126,1,XWaveFile_214
00428d11,MissionD.exe,D:\MissionD\Source\Tools\CaptureWnd.cpp,132,167,4,498,1,CaptureWnd_132
00428f03,MissionD.exe,D:\MissionD\Source\Tools\CaptureWnd.cpp,183,219,6,466,1,CaptureWnd_183
004132d7,MissionD.exe,D:\MissionD\Source\U00.cpp,245,245,1,488,1,U00_245
004138af,MissionD.exe,D:\MissionD\Source\U00.cpp,327,327,1,355,1,U00_327
0040d70e,MissionD.exe,D:\MissionD\Source\U03.cpp,762,762,1,1190,1,U03_762
00418357,MissionD.exe,D:\MissionD\Source\U04.cpp,1066,1066,1,1222,1,U04_1066
00464ead,MissionD.exe,D:\MissionD\Source\U99.cpp,248,248,1,793,1,U99_248
00439829,MissionD.exe,D:\MissionD\Source\XAction.cpp,265,265,1,1077,1,XAction_265
0043c0fb,MissionD.exe,D:\MissionD\Source\XAnimation.cpp,55,55,1,204,1,XAnimation_55
0043c9fb,MissionD.exe,D:\MissionD\Source\XAnimation.cpp,274,274,1,369,1,XAnimation_274
00426350,MissionD.exe,D:\MissionD\Source\XCursor.cpp,63,63,1,393,1,XCursor_63
0042288a,MissionD.exe,D:\MissionD\Source\XGameList.cpp,59,59,1,867,1,XGameList_59
0043dc17,MissionD.exe,D:\MissionD\Source\XObject3D.cpp,60,60,1,469,1,XObject3D_60
00432d40,MissionD.exe,D:\MissionD\Source\XScene.cpp,70,70,1,1412,1,XScene_70
004332c4,MissionD.exe,D:\MissionD\Source\XScene.cpp,124,124,1,398,1,XScene_124
00433750,MissionD.exe,D:\MissionD\Source\XScene.cpp,177,177,1,269,1,XScene_177
0043495b,MissionD.exe,D:\MissionD\Source\XScene.cpp,609,609,1,271,1,XScene_609
00434a6a,MissionD.exe,D:\MissionD\Source\XScene.cpp,628,628,1,357,1,XScene_628
00434bcf,MissionD.exe,D:\MissionD\Source\XScene.cpp,651,651,1,377,1,XScene_651
00435960,MissionD.exe,D:\MissionD\Source\XSceneAnim.cpp,22,22,1,315,1,XSceneAnim_22
00435de7,MissionD.exe,D:\MissionD\Source\XSceneAnim.cpp,157,157,1,648,1,XSceneAnim_157
0043aa30,MissionD.exe,D:\MissionD\Source\file.cpp,31,31,1,315,1,file_31
0043b376,MissionD.exe,D:\MissionD\Source\load.cpp,185,185,1,543,1,load_185
0043b676,MissionD.exe,D:\MissionD\Source\load.cpp,234,262,4,829,1,load_234
0042b9ed,MissionD.exe,FrameWork Sources\MessageToUser.h,34,34,1,1329,1,MessageToUser_34
0042ca36,MissionD.exe,FrameWork Sources\MessageToUser.h,34,34,2,1085,1,MessageToUser_34
0042ce73,MissionD.exe,FrameWork Sources\MessageToUser.h,34,34,1,738,1,MessageToUser_34
0042e388,MissionD.exe,FrameWork Sources\MessageToUser.h,34,34,1,208,1,MessageToUser_34
00431282,MissionD.exe,FrameWork Sources\MessageToUser.h,34,34,1,849,0,MessageToUser_34
0043168a,MissionD.exe,FrameWork Sources\MessageToUser.h,34,34,1,290,0,MessageToUser_34
00425340,MissionMonet.exe,D:\MissionD\Source\FrameWork Sources\LBitmapReader.cpp,579,579,1,769,1,LBitmapReader_579
0042e4e0,MissionMonet.exe,D:\MissionD\Source\FrameWork Sources\LClassCreator.cpp,128,128,1,302,1,LClassCreator_128
0042d290,MissionMonet.exe,D:\MissionD\Source\FrameWork Sources\LFrameReader.cpp,97,97,1,302,1,LFrameReader_97
00430d90,MissionMonet.exe,D:\MissionD\Source\FrameWork Sources\LMultipleMediaObject.cpp,118,118,1,388,2,LMultipleMediaObject_118
004310b0,MissionMonet.exe,D:\MissionD\Source\FrameWork Sources\LMultipleMediaObject.cpp,313,313,1,920,1,LMultipleMediaObject_313
004277e0,MissionMonet.exe,D:\MissionD\Source\FrameWork Sources\LOptionScreen.cpp,566,566,1,662,3,LOptionScreen_566
00427a80,MissionMonet.exe,D:\MissionD\Source\FrameWork Sources\LOptionScreen.cpp,588,588,1,218,3,LOptionScreen_588
00428a20,MissionMonet.exe,D:\MissionD\Source\FrameWork Sources\LOptionScreen.cpp,1144,1144,1,370,3,LOptionScreen_1144
00433240,MissionMonet.exe,D:\MissionD\Source\FrameWork Sources\LSharedMediaObject.cpp,72,72,1,118,2,LSharedMediaObject_72
004333e0,MissionMonet.exe,D:\MissionD\Source\FrameWork Sources\LSharedMediaObject.cpp,241,241,1,752,1,LSharedMediaObject_241
00433850,MissionMonet.exe,D:\MissionD\Source\FrameWork Sources\LSimpleMediaObject.cpp,69,69,1,118,2,LSimpleMediaObject_69
004338d0,MissionMonet.exe,D:\MissionD\Source\FrameWork Sources\LSimpleMediaObject.cpp,88,88,1,130,1,LSimpleMediaObject_88
00421e80,MissionMonet.exe,D:\MissionD\Source\FrameWork Sources\LSound.cpp,72,72,1,522,1,LSound_72
00422090,MissionMonet.exe,D:\MissionD\Source\FrameWork Sources\LSound.cpp,185,254,5,947,4,LSound_185
00422460,MissionMonet.exe,D:\MissionD\Source\FrameWork Sources\LSound.cpp,317,340,2,363,1,LSound_317
004225f0,MissionMonet.exe,D:\MissionD\Source\FrameWork Sources\LSound.cpp,378,378,1,286,3,LSound_378
00422710,MissionMonet.exe,D:\MissionD\Source\FrameWork Sources\LSound.cpp,446,446,1,431,1,LSound_446
004228c0,MissionMonet.exe,D:\MissionD\Source\FrameWork Sources\LSound.cpp,469,483,2,238,4,LSound_469
004229d0,MissionMonet.exe,D:\MissionD\Source\FrameWork Sources\LSound.cpp,543,543,1,158,1,LSound_543
00422a70,MissionMonet.exe,D:\MissionD\Source\FrameWork Sources\LSound.cpp,574,606,4,379,1,LSound_574
00422bf0,MissionMonet.exe,D:\MissionD\Source\FrameWork Sources\LSound.cpp,633,658,3,373,1,LSound_633
00423020,MissionMonet.exe,D:\MissionD\Source\FrameWork Sources\LSoundManager.cpp,99,154,4,664,1,LSoundManager_99
004233a0,MissionMonet.exe,D:\MissionD\Source\FrameWork Sources\LSoundManager.cpp,290,311,2,401,6,LSoundManager_290
00423580,MissionMonet.exe,D:\MissionD\Source\FrameWork Sources\LSoundManager.cpp,397,397,1,149,4,LSoundManager_397
00423620,MissionMonet.exe,D:\MissionD\Source\FrameWork Sources\LSoundManager.cpp,413,419,2,278,11,LSoundManager_413
00429b10,MissionMonet.exe,D:\MissionD\Source\FrameWork Sources\LUser.cpp,244,244,1,218,1,LUser_244
00406a80,MissionMonet.exe,D:\MissionD\Source\U03.cpp,762,762,1,1017,1,U03_762
0040d8a0,MissionMonet.exe,D:\MissionD\Source\U04.cpp,1066,1066,1,882,1,U04_1066
0041fda0,MissionMonet.exe,D:\MissionD\Source\XAnimation.cpp,55,55,1,189,1,XAnimation_55
00414360,MissionMonet.exe,D:\MissionD\Source\XCursor.cpp,63,63,1,326,14,XCursor_63
004136b0,MissionMonet.exe,D:\MissionD\Source\XGameList.cpp,59,59,1,494,3,XGameList_59
00420ca0,MissionMonet.exe,D:\MissionD\Source\XObject3D.cpp,60,60,1,339,2,XObject3D_60
0041a970,MissionMonet.exe,D:\MissionD\Source\XScene.cpp,70,70,1,895,2,XScene_70
0041acf0,MissionMonet.exe,D:\MissionD\Source\XScene.cpp,124,124,1,281,10,XScene_124
0041af30,MissionMonet.exe,D:\MissionD\Source\XScene.cpp,177,177,1,220,1,XScene_177
0041c170,MissionMonet.exe,D:\MissionD\Source\XSceneAnim.cpp,22,22,1,262,11,XSceneAnim_22
0041c400,MissionMonet.exe,D:\MissionD\Source\XSceneAnim.cpp,157,157,1,568,11,XSceneAnim_157
0041f620,MissionMonet.exe,D:\MissionD\Source\load.cpp,185,185,1,408,1,load_185
0041f8c0,MissionMonet.exe,D:\MissionD\Source\load.cpp,262,262,1,591,1,load_262
00416b40,MissionMonet.exe,FrameWork Sources\MessageToUser.h,34,34,1,1017,1,MessageToUser_34
004174a0,MissionMonet.exe,FrameWork Sources\MessageToUser.h,34,34,2,683,1,MessageToUser_34
00417750,MissionMonet.exe,FrameWork Sources\MessageToUser.h,34,34,1,597,1,MessageToUser_34
00418290,MissionMonet.exe,FrameWork Sources\MessageToUser.h,34,34,1,185,1,MessageToUser_34
00418560,MissionMonet.exe,FrameWork Sources\MessageToUser.h,34,34,1,591,2,MessageToUser_34
