zone	folder	dvd	name	cd_discs	iso_discs	paired
	pla	1232.cnm	fos00n08_s03n01.cnm			code
	pla	1239.cnm	fos00n11_s04n01.cnm			code
	pla	1241.cnm	fos00n12_s05n01.cnm			code
	pla	1243.cnm	fos03n01_s00n08.cnm			code
	pla	1245.cnm	fos04n01_s00n11.cnm			code
	pla	1250.cnm	fos05n01_s00n12.cnm			code
	pla	1256.cnm	fos06n02_s07n01.cnm			code
	pla	1258.cnm	fos07n01_s06n02.cnm			code
	pla	1259.cnm	fos07n02_s07n03.cnm			code
	pla	1262.cnm	fos07n03_s07n02.cnm			code
	pla	1377.cnm	n2s00n02_s03n01.cnm			code
	pla	1385.cnm	n2s03n01_s00n02.cnm			code
	pla	1723.cnm	rhs02n01_s01n01.cnm			code
as	dia	1060.dia	as_drill01.dia	2,3,4	1	md5-stem
as	dia	1061.dia	as_drill02.dia	2,3,4	1	md5-stem
as	dia	1062.dia	as_drill03.dia	2,3,4	1	md5-stem
as	dia	1063.dia	as_drill04.dia	2,3,4	1	md5-stem
as	dia	1064.dia	as_drill05.dia	2,3,4	1	md5-stem
as	dia	1065.dia	as_drill06.dia	2,3,4	1	md5-stem
as	dia	1066.dia	as_drill07.dia	2,3,4	1	md5-stem
as	dia	1067.dia	as_drill08.dia	2,3,4	1	md5-stem
as	dia	1068.dia	as_drill09.dia	2,3,4	1	md5-stem
as	dia	1069.dia	as_drill10.dia	2,3,4	1	md5-stem
as	dia	1070.dia	as_drill11.dia	2,3,4	1	md5-stem
as	dia	1071.dia	as_drill12.dia	2,3,4	1	md5-stem
as	dia	1072.dia	vov_as1_01.01.dia	2,3,4	1	md5
as	dia	1073.dia	vov_as1_01.02.dia	2,3,4	1	md5
as	dia	1074.dia	vov_as1_01.03.dia	2,3,4	1	md5
as	dia	1075.dia	vov_as1_01.04.dia	2,3,4	1	md5
as	dia	1076.dia	vov_as1_01.05.dia	2,3,4	1	md5
as	dia	1077.dia	vov_as1_01.06.dia	2,3,4	1	md5
as	dia	1078.dia	vov_as1_01.07.dia	2,3,4	1	md5
as	dia	1079.dia	vov_as1_01.08.dia	2,3,4	1	md5
as	dia	1080.dia	vov_as1_01.09.dia	2,3,4	1	md5
as	dia	1081.dia	vov_as2_01.01.dia	2,3,4	1	md5
as	dia	1082.dia	vov_as2_01.02.dia	2,3,4	1	md5
as	dia	1083.dia	vov_as2_01.03.dia	2,3,4	1	md5
as	dia	1084.dia	vov_as2_01.04.dia	2,3,4	1	md5
as	dia	1085.dia	vov_as2_01.05.dia	2,3,4	1	md5
as	dia	1086.dia	vov_as2_01.06.dia	2,3,4	1	md5
as	dia	1087.dia	vov_as2_01.07.dia	2,3,4	1	md5
as	dia	1088.dia	vov_as2_01.08.dia	2,3,4	1	md5
as	dia	1089.dia	vov_as2_01.09.dia	2,3,4	1	md5
as	dia	1090.dia	vov_as3_01.01.dia	2,3,4	1	md5
as	dia	1091.dia	vov_as3_01.02.dia	2,3,4	1	md5
as	dia	1092.dia	vov_as3_01.03.dia	2,3,4	1	md5
as	dia	1093.dia	vov_as3_01.04.dia	2,3,4	1	md5
as	dia	1094.dia	vov_as3_01.05.dia	2,3,4	1	md5
as	dia	1095.dia	vov_as3_01.06.dia	2,3,4	1	md5
as	dia	1096.dia	vov_as3_01.07.dia	2,3,4	1	md5
as	dia	1097.dia	vov_as3_01.08.dia	2,3,4	1	md5
as	dia	1098.dia	vov_as3_01.09.dia	2,3,4	1	md5
as	dia	1099.dia	vov_as3_01.10.dia	2,3,4	1	md5
as	dia	1100.dia	vov_as6_01.01.dia	2,3,4	1	md5
as	dia	1101.dia	vov_as6_01.02.dia	2,3,4	1	md5
as	dia	1102.dia	vov_as6_01.03.dia	2,3,4	1	md5
as	dia	1103.dia	vov_as6_01.04.dia	2,3,4	1	md5
as	dia	1104.dia	vov_as6_01.05.dia	2,3,4	1	md5
as	dia	1105.dia	vov_as6_01.06.dia	2,3,4	1	md5
as	dia	1106.dia	vov_as6_01.07.dia	2,3,4	1	md5
as	dia	1107.dia	vov_as6_01.08.dia	2,3,4	1	md5
as	dia	1108.dia	vov_as6_01.09.dia	2,3,4	1	md5
as	dia	1109.dia	vov_as6_01.10.dia	2,3,4	1	md5
as	dia	1110.dia	vov_as6_01.11.dia	2,3,4	1	md5
as	dia	1111.dia	vov_as6_01.12.dia	2,3,4	1	md5
as	dia	1112.dia	vov_as6_01.13.dia	2,3,4	1	md5
as	dia	1125.dia	ast_ring.dia	2,3,4	1	md5
as	dia	1126.dia	ast_bru.dia	2,3,4	1	md5
as	dia	1127.dia	ast_wot.dia	2,3,4	1	md5
as	dia	1128.dia	ast_sig.dia	2,3,4	1	md5
as	dia	1129.dia	ast_log.dia	2,3,4	1	md5
as	dia	1130.dia	ast_faf.dia	2,3,4	1	md5
as	dia	1131.dia	ast_fas.dia	2,3,4	1	md5
as	dia	1132.dia	ast_alb.dia	2,3,4	1	md5
as	dia	1133.dia	sp_int02.03.dia	2,3,4	1	md5
as	dia	1134.dia	sp_int02.04.dia	2,3,4	1	md5
as	dia	1135.dia	sp_int02.05.dia	2,3,4	1	md5
as	dia	1136.dia	sp_int02.06.dia	2,3,4	1	md5
as	dia	1137.dia	sp_int02.07.dia	2,3,4	1	md5
as	dia	1138.dia	sp_int02.08.dia	2,3,4	1	md5
as	dia	1139.dia	sp_int02.09.dia	2,3,4	1	md5
as	dia	1140.dia	sp_concl.dia	2,3,4	1	md5
as	dia	1160.dia	tr_wa_mm_2.dia			code
as	dia	1161.dia	tr_wa_mm_3.dia			code
as	dia	1162.dia	tr_wa_mm.dia	2,3,4	1	md5
as	dia	1163.dia	introm_2.dia			code
as	dia	1164.dia	introm.dia	2,3,4	1	md5
as	image	asp01l01.bma	ass01n01p01l01.bma	1	1,2	md5
as	image	asp01l02.bma	ass01n01p01l02.bma	1	1,2	md5
as	image	asp02l01.bma	ass01n01p02l01.bma	1	1,2	md5
as	image	asp03l01.bma	ass01n01p03l01.bma	1	1,2	md5
as	image	asp04l01.bma	ass01n01p04l01.bma	1	1,2	md5
as	image	asp05l01.bma	ass01n01p05l01.bma	1	1,2	md5
as	image	asv01.bma	ass01n01_v01.bma	1	1,2	md5
as	image	asv02.bma	ass01n01_v02.bma	1	1,2	md5
as	image	asv03.bma	ass01n01_v03.bma	1	1,2	md5
as	image	asv04.bma	ass01n01_v04.bma	1	1,2	md5
as	pla	1001.cnm	ass00n01_s00n02.cnm	1	2	md5
as	pla	1002.cnm	ass00n01_s00n03.cnm	1	2	md5
as	pla	1003.cnm	ass00n01_s00n04.cnm	1	2	md5
as	pla	1004.cnm	ass00n02_s00n01.cnm	1	2	md5
as	pla	1005.cnm	ass00n02_s00n03.cnm	1	2	md5
as	pla	1006.cnm	ass00n02_s00n05.cnm	1	2	md5
as	pla	1007.cnm	ass00n03_s00n02.cnm	1	2	md5
as	pla	1008.cnm	ass00n03_s00n05.cnm	1	2	md5
as	pla	1009.cnm	ass00n03_s00n04.cnm	1	2	md5
as	pla	1010.cnm	ass00n03_s00n13.cnm	1	2	md5
as	pla	1011.cnm	ass00n03_s00n14.cnm	1	2	md5
as	pla	1012.cnm	ass00n03_s00n01.cnm	1	2	md5
as	pla	1013.cnm	ass00n03_s01n01.cnm	1	2	md5
as	pla	1014.cnm	ass00n03_s00n15.cnm	1	2	md5
as	pla	1015.cnm	ass00n04_s00n01.cnm	1	2	md5
as	pla	1016.cnm	ass00n04_s00n03.cnm	1	2	md5
as	pla	1017.cnm	ass00n04_s00n05.cnm	1	2	md5
as	pla	1018.cnm	ass00n05_s00n03.cnm	1	2	md5
as	pla	1019.cnm	ass00n05_s00n02.cnm	1	2	md5
as	pla	1020.cnm	ass00n05_s00n04.cnm	1	2	md5
as	pla	1021.cnm	ass00n05_s00n08.cnm	1	2	md5
as	pla	1022.cnm	ass00n06_s00n07.cnm	1	2	md5
as	pla	1023.cnm	ass00n06_s00n11.cnm	1	2	md5
as	pla	1024.cnm	ass00n07_s00n06.cnm	1	2	md5
as	pla	1025.cnm	ass00n07_s00n08.cnm	1	2	md5
as	pla	1026.cnm	ass00n08_s00n07.cnm	1	2	md5
as	pla	1027.cnm	ass00n08_s00n11.cnm	1	2	md5
as	pla	1028.cnm	ass00n08_s00n09.cnm	1	2	md5
as	pla	1029.cnm	ass00n08_s00n05.cnm	1	2	md5
as	pla	1031.cnm	ass00n09_s00n08.cnm	1	2	md5
as	pla	1032.cnm	ass00n09_s00n10.cnm	1	2	md5
as	pla	1033.cnm	ass00n10_s00n09.cnm	1	2	md5
as	pla	1034.cnm	ass00n10_s00n11.cnm	1	2	md5
as	pla	1035.cnm	ass00n11_s00n06.cnm	1	2	md5
as	pla	1036.cnm	ass00n11_s00n08.cnm	1	2	md5
as	pla	1037.cnm	ass00n11_s00n10.cnm	1	2	md5
as	pla	1038.cnm	ass00n13_s00n14.cnm	1	2	md5
as	pla	1039.cnm	ass00n13_s00n15.cnm	1	2	md5
as	pla	1040.cnm	ass00n13_s00n03.cnm	1	2	md5
as	pla	1041.cnm	ass00n14_s00n13.cnm	1	2	md5
as	pla	1042.cnm	ass00n14_s00n15.cnm	1	2	md5
as	pla	1043.cnm	ass00n14_s00n03.cnm	1	2	md5
as	pla	1044.cnm	ass00n15_s00n13.cnm	1	2	md5
as	pla	1045.cnm	ass00n15_s00n14.cnm	1	2	md5
as	pla	1046.cnm	ass00n15_s00n03.cnm	1	2	md5
as	pla	1047.cnm	ass01n01_s00n03.cnm	1	1,2	md5
as	pla	1141.cnm	ass01n01p01a01.cnm	1	1,2	md5
as	pla	1142.cnm	ass01n01p01a02.cnm	1	1,2	md5
as	pla	1143.cnm	ass01n01p02a01.cnm	1	1,2	md5
as	pla	1144.cnm	ass01n01p03a01.cnm	1	1,2	md5
as	pla	1145.cnm	ass01n01p04a01.cnm	1	1,2	md5
as	pla	1146.cnm	ass01n01p05a01.cnm	1	1,2	md5
as	pla	1151.cnm	ass01n01p01b01.cnm	1	1,2	md5
as	pla	1152.cnm	ass01n01p01b02.cnm	1	1,2	md5
as	pla	1153.cnm	ass01n01p02b01.cnm	1	1,2	md5
as	pla	1154.cnm	ass01n01p03b01.cnm	1	1,2	md5
as	pla	1155.cnm	ass01n01p04b01.cnm	1	1,2	md5
as	pla	1156.cnm	ass01n01p05b01.cnm	1	1,2	md5
as	pla	1157.cnm	dril_04.cnm	1	2	md5
as	pla	1158.cnm	dril_06.cnm	1	2	md5
as	pla	1159.cnm	tr_wa_n.cnm	1	2	md5
as	pla	1160.cnm	tr_wa_mm_2.cnm			code
as	pla	1161.cnm	tr_wa_mm_3.cnm			code
as	pla	1162.cnm	tr_wa_mm.cnm	1	2	md5
as	pla	1163.cnm	introm_2.cnm			code
as	pla	1164.cnm	introm.cnm	1	2	md5
as	pla	1166.cnm	dril_01.cnm	1	2	md5
as	sound	1048.was	as_bgr.was	6	1	md5
as	sound	1049.was	as_druillet_1.was	6	1	md5
as	sound	1050.was	as_druillet_2.was	6	1	md5
as	sound	1051.was	as_druillet_3.was	6	1	md5
as	sound	1052.was	as_druillet_4.was	6	1	md5
as	sound	1053.wav	as_hartbeat.wav	6	1	md5
as	sound	1054.wav	as_starbrst1.wav	6	1	md5
as	sound	1055.was	as_starbrst2.was	6	1	md5
as	sound	1056.was	as_starbrst3.was	6	1	md5
as	sound	1057.wav	as_roundtable.wav	6	1	md5
as	sound	1058.wav	as_roundtablestop.wav	6	1	md5
as	sound	1059.wav	as_roundtablerotating.wav	6	1	md5
as	sound	1060.was	as_drill01.was	2,3,4	1	md5
as	sound	1061.was	as_drill02.was	2,3,4	1	md5
as	sound	1062.was	as_drill03.was	2,3,4	1	md5
as	sound	1063.was	as_drill04.was	2,3,4	1	md5
as	sound	1064.was	as_drill05.was	2,3,4	1	md5
as	sound	1065.was	as_drill06.was	2,3,4	1	md5
as	sound	1066.was	as_drill07.was	2,3,4	1	md5
as	sound	1067.was	as_drill08.was	2,3,4	1	md5
as	sound	1068.was	as_drill09.was	2,3,4	1	md5
as	sound	1069.was	as_drill10.was	2,3,4	1	md5
as	sound	1070.was	as_drill11.was	2,3,4	1	md5
as	sound	1071.was	as_drill12.was	2,3,4	1	md5
as	sound	1072.wac	vov_as1_01.01.wac	2,3,4	1	md5
as	sound	1073.wac	vov_as1_01.02.wac	2,3,4	1	md5
as	sound	1074.wac	vov_as1_01.03.wac	2,3,4	1	md5
as	sound	1075.wac	vov_as1_01.04.wac	2,3,4	1	md5
as	sound	1076.wac	vov_as1_01.05.wac	2,3,4	1	md5
as	sound	1077.wac	vov_as1_01.06.wac	2,3,4	1	md5
as	sound	1078.wac	vov_as1_01.07.wac	2,3,4	1	md5
as	sound	1079.wac	vov_as1_01.08.wac	2,3,4	1	md5
as	sound	1080.wac	vov_as1_01.09.wac	2,3,4	1	md5
as	sound	1081.wac	vov_as2_01.01.wac	2,3,4	1	md5
as	sound	1082.wac	vov_as2_01.02.wac	2,3,4	1	md5
as	sound	1083.wac	vov_as2_01.03.wac	2,3,4	1	md5
as	sound	1084.wac	vov_as2_01.04.wac	2,3,4	1	md5
as	sound	1085.wac	vov_as2_01.05.wac	2,3,4	1	md5
as	sound	1086.wac	vov_as2_01.06.wac	2,3,4	1	md5
as	sound	1087.wac	vov_as2_01.07.wac	2,3,4	1	md5
as	sound	1088.wac	vov_as2_01.08.wac	2,3,4	1	md5
as	sound	1089.wac	vov_as2_01.09.wac	2,3,4	1	md5
as	sound	1090.wac	vov_as3_01.01.wac	2,3,4	1	md5
as	sound	1091.wac	vov_as3_01.02.wac	2,3,4	1	md5
as	sound	1092.wac	vov_as3_01.03.wac	2,3,4	1	md5
as	sound	1093.wac	vov_as3_01.04.wac	2,3,4	1	md5
as	sound	1094.wac	vov_as3_01.05.wac	2,3,4	1	md5
as	sound	1095.wac	vov_as3_01.06.wac	2,3,4	1	md5
as	sound	1096.wac	vov_as3_01.07.wac	2,3,4	1	md5
as	sound	1097.wac	vov_as3_01.08.wac	2,3,4	1	md5
as	sound	1098.wac	vov_as3_01.09.wac	2,3,4	1	md5
as	sound	1099.wac	vov_as3_01.10.wac	2,3,4	1	md5
as	sound	1100.wac	vov_as6_01.01.wac	2,3,4	1	md5
as	sound	1101.wac	vov_as6_01.02.wac	2,3,4	1	md5
as	sound	1102.wac	vov_as6_01.03.wac	2,3,4	1	md5
as	sound	1103.wac	vov_as6_01.04.wac	2,3,4	1	md5
as	sound	1104.wac	vov_as6_01.05.wac	2,3,4	1	md5
as	sound	1105.wac	vov_as6_01.06.wac	2,3,4	1	md5
as	sound	1106.wac	vov_as6_01.07.wac	2,3,4	1	md5
as	sound	1107.wac	vov_as6_01.08.wac	2,3,4	1	md5
as	sound	1108.wac	vov_as6_01.09.wac	2,3,4	1	md5
as	sound	1109.wac	vov_as6_01.10.wac	2,3,4	1	md5
as	sound	1110.wac	vov_as6_01.11.wac	2,3,4	1	md5
as	sound	1111.wac	vov_as6_01.12.wac	2,3,4	1	md5
as	sound	1112.wac	vov_as6_01.13.wac	2,3,4	1	md5
as	sound	1125.wac	ast_ring.wac	2,3,4	1	md5
as	sound	1126.wac	ast_bru.wac	2,3,4	1	md5
as	sound	1127.wac	ast_wot.wac	2,3,4	1	md5
as	sound	1128.wac	ast_sig.wac	2,3,4	1	md5
as	sound	1129.wac	ast_log.wac	2,3,4	1	md5
as	sound	1130.wac	ast_faf.wac	2,3,4	1	md5
as	sound	1131.wac	ast_fas.wac	2,3,4	1	md5
as	sound	1132.wac	ast_alb.wac	2,3,4	1	md5
as	sound	1133.wac	sp_int02.03.wac	2,3,4	1	md5
as	sound	1134.wac	sp_int02.04.wac	2,3,4	1	md5
as	sound	1135.wac	sp_int02.05.wac	2,3,4	1	md5
as	sound	1136.wav	sp_int02.06.wav	2,3,4	1	md5
as	sound	1137.wac	sp_int02.07.wac	2,3,4	1	md5
as	sound	1138.wac	sp_int02.08.wac	2,3,4	1	md5
as	sound	1139.wac	sp_int02.09.wac	2,3,4	1	md5
as	sound	1140.wac	sp_concl.wac	2,3,4	1	md5
fo	dia	1322.dan	fos00n03p01di01.dan	2,3,4	1	md5
fo	dia	1322.dia	fos00n03p01di01.dia	2,3,4	1	md5
fo	dia	1323.dan	fos00n03p01di02.dan	3		md5-stem
fo	dia	1323.dia	fos00n03p01di02.dia	2,3,4	1	md5
fo	dia	1324.dan	fos01n01p01di01.dan	2,3,4	1	md5
fo	dia	1324.dia	fos01n01p01di01.dia	2,3,4	1	md5
fo	dia	1325.dan	fos01n01p01di02.dan	2,3,4	1	md5
fo	dia	1325.dia	fos01n01p01di02.dia	2,3,4	1	md5
fo	dia	1326.dan	fos01n01p01di03.dan	2,3,4	1	md5
fo	dia	1326.dia	fos01n01p01di03.dia	2,3,4	1	md5
fo	dia	1327.dan	fos01n01p01di04.dan	2,3,4	1	md5
fo	dia	1327.dia	fos01n01p01di04.dia	2,3,4	1	md5
fo	dia	1328.dan	fos01n02p01di01.dan	2,3,4	1	md5
fo	dia	1328.dia	fos01n02p01di01.dia	2,3,4	1	md5
fo	dia	1329.dia	fos01n02p01di02.dia	2,3,4	1	md5
fo	dia	1330.dan	fos01n02p01di03.dan	2,3,4	1	md5
fo	dia	1330.dia	fos01n02p01di03.dia	2,3,4	1	md5
fo	dia	1331.dan	fos01n02p01di03b.dan	2,3,4	1	md5
fo	dia	1331.dia	fos01n02p01di03b.dia	2,3,4	1	md5
fo	dia	1332.dia	fos01n02p01di04.dia	2,3,4	1	md5
fo	dia	1333.dan	fos01n02p01di05.dan	2,3,4	1	md5
fo	dia	1333.dia	fos01n02p01di05.dia	2,3,4	1	md5
fo	dia	1334.dia	vov_fo1_01.dia	2,3,4	1	md5
fo	dia	1335.dia	vov_fo1_02.dia	2,3,4	1	md5
fo	dia	1336.dia	vov_fo1_03.dia	2,3,4	1	md5
fo	dia	1337.dia	vov_fo1_04.dia	2,3,4	1	md5
fo	dia	1338.dia	vov_fo1_05.dia	2,3,4	1	md5
fo	dia	1339.dia	vov_fo1_06.dia	2,3,4	1	md5
fo	dia	1340.dia	vov_fo1_07.dia	2,3,4	1	md5
fo	dia	1341.dia	vov_fo2_01.dia	2,3,4	1	md5
fo	dia	1342.dia	vov_as4_01.01_a.dia	2,3,4	1	md5
fo	dia	1343.dia	vov_as4_01.01_b.dia	2,3,4	1	md5
fo	dia	1344.dia	vov_as4_01.01_c.dia	2,3,4	1	md5
fo	dia	1345.dia	vov_as4_01.01_d.dia	2,3,4	1	md5
fo	dia	1346.dia	vov_as4_01.01_e.dia	2,3,4	1	md5
fo	dia	1347.dia	vov_as4_01.02_a.dia	2,3,4	1	md5
fo	dia	1348.dia	vov_as4_01.02_b.dia	2,3,4	1	md5
fo	dia	1349.dia	vov_as4_01.03_a.dia	2,3,4	1	md5
fo	dia	1350.dia	vov_as4_01.03_b.dia	2,3,4	1	md5
fo	dia	1351.dia	vov_as4_01.03_c.dia	2,3,4	1	md5
fo	dia	1352.dia	vov_as4_01.03_d.dia	2,3,4	1	md5
fo	dia	1353.dia	vov_as4_01.04_a.dia	2,3,4	1	md5
fo	dia	1354.dia	vov_as4_01.04_b.dia	2,3,4	1	md5
fo	dia	1355.dia	vov_as4_01.05_a.dia	2,3,4	1	md5
fo	dia	1356.dia	vov_as4_01.05_b.dia	2,3,4	1	md5
fo	dia	1357.dia	vov_as4_01.05_c.dia	2,3,4	1	md5
fo	dia	1358.dia	vov_as4_01.05_d.dia	2,3,4	1	md5
fo	dia	1359.dia	fos06n02_sun.dia	2,3,4	1	md5
fo	dia	1360.dia	fos06n02_moon.dia	2,3,4	1	md5
fo	dia	1361.dia	fos06n02_venus.dia	2,3,4	1	md5
fo	dia	1362.dia	fos06n02_saturn.dia	2,3,4	1	md5
fo	dia	1363.dia	fos06n02_mercury.dia	2,3,4	1	md5
fo	dia	1364.dia	fos06n02_mars.dia	2,3,4	1	md5
fo	dia	1365.dia	fos06n02_jupiter.dia	2,3,4	1	md5
fo	dia	1366.dia	fos03n02_silver.dia	2,3,4	1	md5
fo	dia	1367.dia	fos03n02_copper.dia	2,3,4	1	md5
fo	dia	1368.dia	fos03n02_tin.dia	2,3,4	1	md5
fo	dia	1369.dia	fos03n02_quicksilver.dia	2,3,4	1	md5
fo	dia	1370.dia	fos03n02_gold.dia	2,3,4	1	md5
fo	dia	1371.dia	fos03n02_lead.dia	2,3,4	1	md5
fo	dia	1372.dia	fos03n02_steel.dia	2,3,4	1	md5
fo	pla	1167.cnm	fos03n01p02a01.cnm	5	4	md5
fo	pla	1168.cnm	fos03n01p01a01.cnm	5	4	md5
fo	pla	1169.cnm	fos03n01p01a02.cnm	5	4	md5
fo	pla	1170.cnm	fos03n01_s03n02.cnm	5	4	md5
fo	pla	1171.cnm	fos03n01p01a03.cnm	5	4	md5
fo	pla	1172.cnm	fos03n02_s05n01.cnm	5	4	md5
fo	pla	1173.cnm	fos06n01p05a01.cnm	5	4	md5
fo	pla	1174.cnm	fos06n01p05a03.cnm	5	4	md5
fo	pla	1175.cnm	fos06n01p05a02.cnm	5	4	md5
fo	pla	1176.cnm	fos00n03p01a02.cnm	5	4	md5
fo	pla	1177.cnm	fos00n03p01a03.cnm	5	4	md5
fo	pla	1178.cnm	fos00n03p01a01.cnm	5	4	md5
fo	pla	1179.cnm	fos00n03_s01n01.cnm	5	4	md5
fo	pla	1180.cnm	fos06n01p01a01.cnm	5	4	md5
fo	pla	1181.cnm	fos06n01p01a03.cnm	5	4	md5
fo	pla	1182.cnm	fos06n01p01a05.cnm	5	4	md5
fo	pla	1183.cnm	fos06n01p01a02.cnm	5	4	md5
fo	pla	1184.cnm	fos06n01p01a04.cnm	5	4	md5
fo	pla	1185.cnm	fos06n01p03a02.cnm	5	4	md5
fo	pla	1186.cnm	fos06n01p03a03.cnm	5	4	md5
fo	pla	1187.cnm	fos06n01p03a01.cnm	5	4	md5
fo	pla	1188.cnm	fos06n01p04a01.cnm	5	4	md5
fo	pla	1189.cnm	fos06n01p04a02.cnm	5	4	md5
fo	pla	1190.cnm	fos07n03a01.cnm	5	4	md5
fo	pla	1191.cnm	fos07n03a02.cnm	5	4	md5
fo	pla	1192.cnm	fos07n03a03.cnm	5	4	md5
fo	pla	1193.cnm	fos07n04p01a01.cnm	5	4	md5
fo	pla	1194.cnm	fos07n04p01a02.cnm	5	4	md5
fo	pla	1195.cnm	fos05n01p01a01.cnm	5	4	md5
fo	pla	1196.cnm	fos00n11a01.cnm	5	4	md5
fo	pla	1197.cnm	fos00n11a03.cnm	5	4	md5
fo	pla	1198.cnm	fos00n11a02.cnm	5	4	md5
fo	pla	1199.cnm	fos01n01p02a02.cnm	5	4	md5
fo	pla	1200.cnm	fos00n04p01a02.cnm	5	4	md5
fo	pla	1201.cnm	fos00n04p01a01.cnm	5	4	md5
fo	pla	1202.cnm	fos00n04p01a03.cnm	5	4	md5
fo	pla	1203.cnm	fos03n02a01.cnm	5	4	md5
fo	pla	1204.cnm	fos03n02a02.cnm	5	4	md5
fo	pla	1205.cnm	fos06n02p01a02.cnm	5	4	md5
fo	pla	1206.cnm	fos01n01p02a03.cnm	5	4	md5
fo	pla	1207.cnm	fos06n02p01a01.cnm	5	4	md5
fo	pla	1208.cnm	fos01n01p01a02_1.cnm	5	4	md5
fo	pla	1209.cnm	fos01n01p01a02_2.cnm	5	4	md5
fo	pla	1210.cnm	fos01n01p01a02_3.cnm	5	4	md5
fo	pla	1211.cnm	fos01n01p01a02_4.cnm	5	4	md5
fo	pla	1212.cnm	fos01n01p01a02_5.cnm	5	4	md5
fo	pla	1213.cnm	fos01n01p02a01.cnm	5	4	md5
fo	pla	1214.cnm	fos01n01p01a03.cnm	5	4	md5
fo	pla	1215.cnm	tr_fo_as.cnm	5	4	md5
fo	pla	1216.cnm	fos00n03p02a01.cnm	5	4	md5
fo	pla	1217.cnm	tr_as_fo_a.cnm	5	4	md5
fo	pla	1218.cnm	tr_as_fo_b.cnm	5	4	md5
fo	pla	1219.cnm	fos00n01_s00n03.cnm	5	4	md5
fo	pla	1220.cnm	fos00n02_s00n03.cnm	5	4	md5
fo	pla	1221.cnm	fos00n03_s00n01.cnm	5	4	md5
fo	pla	1222.cnm	fos00n03_s00n02.cnm	5	4	md5
fo	pla	1223.cnm	fos00n03_s00n04.cnm	5	4	md5
fo	pla	1224.cnm	fos00n04_s00n01.cnm	5	4	md5
fo	pla	1225.cnm	fos00n04_s00n05.cnm	5	4	md5
fo	pla	1226.cnm	fos00n04_s00n09.cnm	5	4	md5
fo	pla	1227.cnm	fos00n05_s00n04.cnm	5	4	md5
fo	pla	1228.cnm	fos00n05_s00n06_var2.cnm	5	4	md5
fo	pla	1229.cnm	fos00n06_s00n05.cnm	5	4	md5
fo	pla	1230.cnm	fos00n06_s00n08.cnm	5	4	md5
fo	pla	1231.cnm	fos00n08_s00n06.cnm	5	4	md5
fo	pla	1233.cnm	fos00n09_s00n04.cnm	5	4	md5
fo	pla	1234.cnm	fos00n09_s00n10.cnm	5	4	md5
fo	pla	1235.cnm	fos00n10_s00n09.cnm	5	4	md5
fo	pla	1236.cnm	fos00n10_s00n11.cnm	5	4	md5
fo	pla	1237.cnm	fos00n10_s00n12.cnm	5	4	md5
fo	pla	1238.cnm	fos00n11_s00n10.cnm	5	4	md5
fo	pla	1240.cnm	fos00n12_s00n10.cnm	5	4	md5
fo	pla	1242.cnm	fos01n01_s00n03.cnm	5	4	md5
fo	pla	1244.cnm	fos04n01_s04n02.cnm	5	4	md5
fo	pla	1246.cnm	fos04n01_s08n01.cnm	5	4	md5
fo	pla	1247.cnm	fos04n02_s04n01.cnm	5	4	md5
fo	pla	1248.cnm	fos04n02_s08n01.cnm	5	4	md5
fo	pla	1249.cnm	fos04n02_s05n01.cnm	5	4	md5
fo	pla	1251.cnm	fos05n01_s06n01.cnm	5	4	md5
fo	pla	1253.cnm	fos06n01_s06n02.cnm	5	4	md5
fo	pla	1254.cnm	fos06n01_s05n01.cnm	5	4	md5
fo	pla	1255.cnm	fos06n02_s06n01.cnm	5	4	md5
fo	pla	1257.cnm	fos07n01_s07n02.cnm	5	4	md5
fo	pla	1260.cnm	fos07n02_s07n01.cnm	5	4	md5
fo	pla	1261.cnm	fos07n02_s07n04.cnm	5	4	md5
fo	pla	1263.cnm	fos07n04_s07n02.cnm	5	4	md5
fo	pla	1264.cnm	fos08n01_s04n01.cnm	5	4	md5
fo	pla	1265.cnm	fos08n01_s04n02.cnm	5	4	md5
fo	pla	fom.cnm	fos00n05_s00n06_var1.cnm	5	4	md5
fo	sound	1267.was	fo_bgr_wot_vs_bru.was	6	1	md5
fo	sound	1269.was	fo_bgr_forest.was	6	1	md5
fo	sound	1270.was	fo_bgr_bridge.was	6	1	md5
fo	sound	1271.was	fo_bgr_house.was	6	1	md5
fo	sound	1272.was	fo_bgr_hunding.was	6	1	md5
fo	sound	1273.was	fo_bgr_tomb.was	6	1	md5
fo	sound	1274.was	fo_bgr_lake.was	6	1	md5
fo	sound	1275.was	fo_na_vodi.was	6	1	md5
fo	sound	1276.wav	fo_planets_stopping.wav	6	1	md5
fo	sound	1277.wav	fo_planets_rotating.wav	6	1	md5
fo	sound	1278.wav	fo_birds_01.wav	6	1	md5
fo	sound	1279.wav	fo_birds_02.wav	6	1	md5
fo	sound	1280.wav	fo_birds_03.wav	6	1	md5
fo	sound	1281.wav	fo_birds_04.wav	6	1	md5
fo	sound	1282.wav	fo_birds_05.wav	6	1	md5
fo	sound	1283.wav	fo_birds_06.wav	6	1	md5
fo	sound	1284.wav	fo_birds_07.wav	6	1	md5
fo	sound	1285.wav	fo_birds_08.wav	6	1	md5
fo	sound	1286.wav	fo_birds_09.wav	6	1	md5
fo	sound	1287.wav	fo_birds_10.wav	6	1	md5
fo	sound	1288.wav	fo_birds_11.wav	6	1	md5
fo	sound	1289.wav	fo_birds_12.wav	6	1	md5
fo	sound	1290.wav	fo_birds_13.wav	6	1	md5
fo	sound	1291.wav	fo_birds_14.wav	6	1	md5
fo	sound	1292.wav	fo_birds_15.wav	6	1	md5
fo	sound	1293.wac	fo_wolf_growls.wac	6	1	md5
fo	sound	1293.wav	fo_wolf_growls.wav	6	1	md5
fo	sound	1294.wav	fo_wolf_growls2.wav	6	1	md5
fo	sound	1295.wav	fo_wind_01.wav	6	1	md5
fo	sound	1296.wav	fo_wind_02.wav	6	1	md5
fo	sound	1297.wav	fo_wind_03.wav	6	1	md5
fo	sound	1298.wav	fo_grmenje01.wav	6	1	md5
fo	sound	1299.wav	fo_grmenje02.wav	6	1	md5
fo	sound	1300.wav	fo_grmenje03.wav	6	1	md5
fo	sound	1301.was	fo_grmenje04.was	6	1	md5
fo	sound	1302.wav	fo_grmenje05.wav	6	1	md5
fo	sound	1303.was	fo_grmenje06.was	6	1	md5
fo	sound	1304.wav	fo_grmenje07.wav	6	1	md5
fo	sound	1305.wav	fo_grmenje08.wav	6	1	md5
fo	sound	1306.wav	fo_grmenje09.wav	6	1	md5
fo	sound	1307.wav	fo_drinking_water.wav	6	1	md5
fo	sound	1308.wav	fo_swallow_water.wav	6	1	md5
fo	sound	1309.wav	fo_creak_leather.wav	6	1	md5
fo	sound	1310.wav	fo_knocking_on_door.wav	6	1	md5
fo	sound	1311.wav	fo_zapiranje_predala.wav	6	1	md5
fo	sound	1312.wav	fo_metals_in_mold.wav	6	1	md5
fo	sound	1313.wav	fo_boiling_water.wav	6	1	md5
fo	sound	1314.wav	fo_door_open.wav	6	1	md5
fo	sound	1315.wav	fo_take_small.wav	6	1	md5
fo	sound	1316.was	fo_fire_loop.was	6	1	md5
fo	sound	1317.wav	fo_lever.wav	6	1	md5
fo	sound	1320.wav	fo_rotate.wav	6	1	md5
fo	sound	1322.wac	fos00n03p01di01.wac	2,3,4	1	md5
fo	sound	1323.wac	fos00n03p01di02.wac	2,3,4	1	md5
fo	sound	1324.wac	fos01n01p01di01.wac	2,3,4	1	md5
fo	sound	1325.wac	fos01n01p01di02.wac	2,3,4	1	md5
fo	sound	1326.wac	fos01n01p01di03.wac	2,3,4	1	md5
fo	sound	1327.wac	fos01n01p01di04.wac	2,3,4	1	md5
fo	sound	1328.wac	fos01n02p01di01.wac	2,3,4	1	md5
fo	sound	1329.wac	fos01n02p01di02.wac	2,3,4	1	md5
fo	sound	1330.wac	fos01n02p01di03.wac	2,3,4	1	md5
fo	sound	1331.wac	fos01n02p01di03b.wac	2,3,4	1	md5
fo	sound	1332.wac	fos01n02p01di04.wac	2,3,4	1	md5
fo	sound	1333.wac	fos01n02p01di05.wac	2,3,4	1	md5
fo	sound	1334.wac	vov_fo1_01.wac	2,3,4	1	md5
fo	sound	1335.wac	vov_fo1_02.wac	2,3,4	1	md5
fo	sound	1336.wac	vov_fo1_03.wac	2,3,4	1	md5
fo	sound	1337.wac	vov_fo1_04.wac	2,3,4	1	md5
fo	sound	1338.wac	vov_fo1_05.wac	2,3,4	1	md5
fo	sound	1339.wac	vov_fo1_06.wac	2,3,4	1	md5
fo	sound	1340.wac	vov_fo1_07.wac	2,3,4	1	md5
fo	sound	1341.wac	vov_fo2_01.wac	2,3,4	1	md5
fo	sound	1342.wac	vov_as4_01.01_a.wac	2,3,4	1	md5
fo	sound	1343.wac	vov_as4_01.01_b.wac	2,3,4	1	md5
fo	sound	1344.wac	vov_as4_01.01_c.wac	2,3,4	1	md5
fo	sound	1345.wac	vov_as4_01.01_d.wac	2,3,4	1	md5
fo	sound	1346.wac	vov_as4_01.01_e.wac	2,3,4	1	md5
fo	sound	1347.wac	vov_as4_01.02_a.wac	2,3,4	1	md5
fo	sound	1348.wac	vov_as4_01.02_b.wac	2,3,4	1	md5
fo	sound	1349.wac	vov_as4_01.03_a.wac	2,3,4	1	md5
fo	sound	1350.wac	vov_as4_01.03_b.wac	2,3,4	1	md5
fo	sound	1351.wac	vov_as4_01.03_c.wac	2,3,4	1	md5
fo	sound	1352.wac	vov_as4_01.03_d.wac	2,3,4	1	md5
fo	sound	1353.wac	vov_as4_01.04_a.wac	2,3,4	1	md5
fo	sound	1354.wac	vov_as4_01.04_b.wac	2,3,4	1	md5
fo	sound	1355.wac	vov_as4_01.05_a.wac	2,3,4	1	md5
fo	sound	1356.wac	vov_as4_01.05_b.wac	2,3,4	1	md5
fo	sound	1357.wac	vov_as4_01.05_c.wac	2,3,4	1	md5
fo	sound	1358.wac	vov_as4_01.05_d.wac	2,3,4	1	md5
fo	sound	1359.wav	fos06n02_sun.wav	2,3,4,6	1	md5-code
fo	sound	1360.wav	fos06n02_moon.wav	2,3,4,6	1	md5-code
fo	sound	1361.wav	fos06n02_venus.wav	2,3,4,6	1	md5-code
fo	sound	1362.wav	fos06n02_saturn.wav	2,3,4,6	1	md5-code
fo	sound	1363.wav	fos06n02_mercury.wav	2,3,4,6	1	md5-code
fo	sound	1364.wav	fos06n02_mars.wav	2,3,4,6	1	md5-code
fo	sound	1365.wav	fos06n02_jupiter.wav	2,3,4,6	1	md5-code
fo	sound	1366.wav	fos03n02_silver.wav	2,3,4	1	md5-code
fo	sound	1367.wav	fos03n02_copper.wav	2,3,4	1	md5-code
fo	sound	1368.wav	fos03n02_tin.wav	2,3,4	1	md5-code
fo	sound	1369.wav	fos03n02_quicksilver.wav	2,3,4	1	md5-code
fo	sound	1370.wav	fos03n02_gold.wav	2,3,4	1	md5-code
fo	sound	1371.wav	fos03n02_lead.wav	2,3,4	1	md5-code
fo	sound	1372.wav	fos03n02_steel.wav	2,3,4	1	md5-code
fo	sound	fo_pla.wav	fo_planets_show.wav	6	1	md5-dup
n2	dia	1417.dan	tr_as_n2.01.dan	2,3,4	1	md5
n2	dia	1417.dia	tr_as_n2.01.dia	2,3,4	1	md5
n2	dia	1418.dan	tr_as_n2.02.dan	2,3,4	1	md5
n2	dia	1418.dia	tr_as_n2.02.dia	2,3,4	1	md5
n2	dia	1419.dan	tr_as_n2.02sp.dan	2,3,4	1	md5
n2	dia	1419.dia	tr_as_n2.02sp.dia	2,3,4	1	md5
n2	dia	1420.dia	tr_as_n2.03.dia	2,3,4	1	md5
n2	dia	1421.dan	tr_as_n2.04.dan	2,3,4	1	md5
n2	dia	1421.dia	tr_as_n2.04.dia	2,3,4	1	md5
n2	dia	1422.dan	tr_as_n2.05.dan	2,3,4	1	md5
n2	dia	1422.dia	tr_as_n2.05.dia	2,3,4	1	md5
n2	dia	1423.dan	tr_as_n2.06.dan	2,3,4	1	md5
n2	dia	1423.dia	tr_as_n2.06.dia	2,3,4	1	md5
n2	dia	1424.dan	tr_as_n2.06sp.dan	2,3,4	1	md5
n2	dia	1424.dia	tr_as_n2.06sp.dia	2,3,4	1	md5
n2	dia	1425.dan	tr_as_n2.07.dan	2,3,4	1	md5
n2	dia	1425.dia	tr_as_n2.07.dia	2,3,4	1	md5
n2	dia	1426.dan	tr_as_n2.08.dan	2,3,4	1	md5
n2	dia	1426.dia	tr_as_n2.08.dia	2,3,4	1	md5
n2	dia	1427.dan	n2extn01p01c01.01.dan	2,3,4	1	md5
n2	dia	1427.dia	n2extn01p01c01.01.dia	2,3,4	1	md5
n2	dia	1428.dan	n2extn01p01c01.02.dan	2,3,4	1	md5
n2	dia	1428.dia	n2extn01p01c01.02.dia	2,3,4	1	md5
n2	dia	1429.dan	n2extn01p01c01.03.dan	2,3,4	1	md5
n2	dia	1429.dia	n2extn01p01c01.03.dia	2,3,4	1	md5
n2	dia	1430.dia	n2extn01p01d01.dia	2,3,4	1	md5
n2	dia	1431.dia	n2extn01p01d02.dia	2,3,4	1	md5
n2	dia	1432.dia	n2extn01p01d03.dia	2,3,4	1	md5
n2	dia	1433.dia	n2extn01p01d04.dia	2,3,4	1	md5
n2	dia	1434.dia	n2extn01p01d05.dia	2,3,4	1	md5
n2	dia	1435.dia	n2extn01p01d06.dia	2,3,4	1	md5
n2	dia	1436.dia	n2extn01p01d07.dia	2,3,4	1	md5
n2	dia	1437.dia	n2extn01p01d08.dia	2,3,4	1	md5
n2	dia	1438.dia	n2extn01p01d09.dia	2,3,4	1	md5
n2	dia	1439.dia	n2extn01p01d10.dia	2,3,4	1	md5
n2	dia	1440.dia	n2extn01p01d11.dia	2,3,4	1	md5
n2	dia	1441.dia	n2extn01p01d12.dia	2,3,4	1	md5
n2	dia	1442.dia	n2extn01p01d13.dia	2,3,4	1	md5
n2	dia	1443.dia	n2extn01p01d14.dia	2,3,4	1	md5
n2	dia	1444.dan	n2extn01p01d15.dan	2,3,4	1	md5
n2	dia	1444.dia	n2extn01p01d15.dia	2,3,4	1	md5
n2	dia	1445.dia	n2extn01p01d16.dia	2,3,4	1	md5
n2	dia	1446.dan	n2extn01p01d17.dan	2,3,4	1	md5
n2	dia	1446.dia	n2extn01p01d17.dia	2,3,4	1	md5
n2	dia	1447.dia	n2extn01p01d18.dia	2,3,4	1	md5
n2	dia	1448.dia	n2extn01p01d18sp.dia	2,3,4	1	md5
n2	dia	1449.dia	n2extn01p01d19.dia	2,3,4	1	md5
n2	dia	1450.dan	n2extn01p01d20.dan	2,3,4	1	md5
n2	dia	1450.dia	n2extn01p01d20.dia	2,3,4	1	md5
n2	dia	1451.dan	n2extn01p01d21.dan	2,3,4	1	md5
n2	dia	1451.dia	n2extn01p01d21.dia	2,3,4	1	md5
n2	dia	1452.dan	n2extn01p01d21sp.dan	2,3,4	1	md5
n2	dia	1452.dia	n2extn01p01d21sp.dia	2,3,4	1	md5
n2	dia	1453.dia	n2extn01p01d22.dia	2,3,4	1	md5
n2	dia	1454.dia	n2extn01p01d23.dia	2,3,4	1	md5
n2	dia	1455.dia	n2extn01p01d24.dia	2,3,4	1	md5
n2	dia	1456.dia	n2extn01p01d25.dia	2,3,4	1	md5
n2	dia	1457.dia	n2extn01p01d26.dia	2,3,4	1	md5
n2	dia	1458.dia	n2extn01p01d27.dia	2,3,4	1	md5
n2	dia	1459.dia	n2extn01p01d28.dia	2,3,4	1	md5
n2	dia	1460.dia	n2extn01p01d29.dia	2,3,4	1	md5
n2	dia	1461.dia	n2extn01p01d30.dia	2,3,4	1	md5
n2	dia	1462.dia	n2extn01p01d31.dia	2,3,4	1	md5
n2	dia	1463.dia	n2extn01p01d32.dia	2,3,4	1	md5
n2	dia	1464.dia	n2extn01p01d33.dia	2,3,4	1	md5
n2	dia	1465.dia	n2extn01p01d34.dia	2,3,4	1	md5
n2	dia	1466.dia	n2extn01p01d35.dia	2,3,4	1	md5
n2	dia	1467.dia	n2extn01p01d36.dia	2,3,4	1	md5
n2	dia	1468.dia	n2extn01p01d37.dia	2,3,4	1	md5
n2	dia	1469.dan	n2s02n01p01d01.dan	2,3,4	1	md5
n2	dia	1469.dia	n2s02n01p01d01.dia	2,3,4	1	md5
n2	dia	1470.dan	n2s02n01p01d02.dan	2,3,4	1	md5
n2	dia	1470.dia	n2s02n01p01d02.dia	2,3,4	1	md5
n2	dia	1471.dan	n2s02n01p01d03.dan	2,3,4	1	md5
n2	dia	1471.dia	n2s02n01p01d03.dia	2,3,4	1	md5
n2	dia	1472.dan	n2s02n01p01d04.dan	2,3,4	1	md5
n2	dia	1472.dia	n2s02n01p01d04.dia	2,3,4	1	md5
n2	dia	1473.dan	n2s02n01p01d05.dan	2,3,4	1	md5
n2	dia	1473.dia	n2s02n01p01d05.dia	2,3,4	1	md5
n2	dia	1474.dan	n2s02n01p01d06.dan	2,3,4	1	md5
n2	dia	1474.dia	n2s02n01p01d06.dia	2,3,4	1	md5
n2	dia	1475.dan	n2s02n01p01d07.dan	2,3,4	1	md5
n2	dia	1475.dia	n2s02n01p01d07.dia	2,3,4	1	md5
n2	dia	1476.dan	n2s02n01p01d08.dan	2,3,4	1	md5
n2	dia	1476.dia	n2s02n01p01d08.dia	2,3,4	1	md5
n2	dia	1477.dan	n2s02n01p01d09.dan	2,3,4	1	md5
n2	dia	1477.dia	n2s02n01p01d09.dia	2,3,4	1	md5
n2	dia	1478.dan	n2s02n01p01d10.dan	2,3,4	1	md5
n2	dia	1478.dia	n2s02n01p01d10.dia	2,3,4	1	md5
n2	dia	1479.dan	n2s02n01p01d11.dan	2,3,4	1	md5
n2	dia	1479.dia	n2s02n01p01d11.dia	2,3,4	1	md5
n2	dia	1480.dan	n2s02n01p01d12.dan	2,3,4	1	md5
n2	dia	1480.dia	n2s02n01p01d12.dia	2,3,4	1	md5
n2	dia	1481.dan	n2s02n01p01d13.dan	2,3,4	1	md5
n2	dia	1481.dia	n2s02n01p01d13.dia	2,3,4	1	md5
n2	dia	1482.dan	n2s03n01p01d01.dan	2,3,4	1	md5
n2	dia	1482.dia	n2s03n01p01d01.dia	2,3,4	1	md5
n2	dia	1483.dan	n2s03n01p01d02.dan	2,3,4	1	md5
n2	dia	1483.dia	n2s03n01p01d02.dia	2,3,4	1	md5
n2	dia	1484.dan	n2s03n01p01d03.dan	2,3,4	1	md5
n2	dia	1484.dia	n2s03n01p01d03.dia	2,3,4	1	md5
n2	dia	1485.dan	n2s03n01p01d04.dan	2,3,4	1	md5
n2	dia	1485.dia	n2s03n01p01d04.dia	2,3,4	1	md5
n2	dia	1486.dan	n2s03n01p01d05.dan	2,3,4	1	md5
n2	dia	1486.dia	n2s03n01p01d05.dia	2,3,4	1	md5
n2	dia	1487.dan	n2s03n01p01d06.dan	2,3,4	1	md5
n2	dia	1487.dia	n2s03n01p01d06.dia	2,3,4	1	md5
n2	dia	1488.dan	n2s03n01p01d07.dan	2,3,4	1	md5
n2	dia	1488.dia	n2s03n01p01d07.dia	2,3,4	1	md5
n2	dia	1489.dan	n2s03n01p01d08.dan	2,3,4	1	md5
n2	dia	1489.dia	n2s03n01p01d08.dia	2,3,4	1	md5
n2	dia	1490.dan	n2s03n01p01d09.dan	2,3,4	1	md5
n2	dia	1490.dia	n2s03n01p01d09.dia	2,3,4	1	md5
n2	dia	1491.dan	n2s03n01p01d10.dan	2,3,4	1	md5
n2	dia	1491.dia	n2s03n01p01d10.dia	2,3,4	1	md5
n2	dia	1492.dan	n2s03n01p01d11.dan	2,3,4	1	md5
n2	dia	1492.dia	n2s03n01p01d11.dia	2,3,4	1	md5
n2	pla	1373.cnm	n2s00n01_s00n02.cnm	4	4	md5
n2	pla	1374.cnm	n2s00n01_s04n01.cnm	4	4	md5
n2	pla	1375.cnm	n2s00n01_s02n01.cnm	4	4	md5
n2	pla	1376.cnm	n2s00n02_s00n01.cnm	4	4	md5
n2	pla	1378.cnm	n2s00n02_s01n02.cnm	4	4	md5
n2	pla	1379.cnm	n2s00n02_s04n01.cnm	4	4	md5
n2	pla	1380.cnm	n2s01n01_s01n02.cnm	4	4	md5
n2	pla	1381.cnm	n2s01n02_s01n01.cnm	4	4	md5
n2	pla	1382.cnm	n2s01n02_s06n01_var2.cnm	4	4	md5
n2	pla	1383.cnm	n2s01n02_s06n01_var1.cnm	4	4	md5
n2	pla	1384.cnm	n2s07n01_s00n01.cnm	4	4	md5
n2	pla	1386.cnm	n2s04n01_s00n01.cnm	4	4	md5
n2	pla	1387.cnm	n2s05n01_s06n01.cnm	4	4	md5
n2	pla	1388.cnm	n2s06n01_s01n02.cnm	4	4	md5
n2	pla	1389.cnm	n2s06n01_s05n01.cnm	4	4	md5
n2	pla	1494.cnm	n2s07n01p01a01.cnm	4	4	md5
n2	pla	1495.cnm	n2s03n01p01a01.cnm	4	4	md5
n2	pla	1496.cnm	n2extraanim_01.cnm	4	4	md5
n2	pla	1497.cnm	n2extraanim_02.cnm	4	4	md5
n2	pla	1498.cnm	n2s01n02_s00n02.cnm	4	4	md5
n2	pla	1499.cnm	tr_as_ro_d.cnm	4	4	md5
n2	pla	1500.cnm	tr_as_ro_g.cnm	4	4	md5
n2	pla	1501.cnm	tr_as_ro_l.cnm	4	4	md5
n2	pla	1502.cnm	tr_as_ro_n.cnm	4	4	md5
n2	pla	1503.cnm	n2extranim_04.cnm	4	4	md5
n2	pla	1504.cnm	n2extranim_03.cnm	4	4	md5
n2	pla	1505.cnm	tr_ni2_ro_a.cnm	4	4	md5
n2	pla	1507.cnm	tr_as_ro_a.cnm	4	4	md5
n2	pla	1508.cnm	tr_as_ro_a2.cnm	4	4	md5
n2	pla	n2_1a.cnm	n2extn01p01a01a.cnm	4	4	md5
n2	pla	n2_1c.cnm	n2extn01p01a01c.cnm	4	4	md5
n2	pla	n2_1d.cnm	n2extn01p01a01d.cnm	4	4	md5
n2	pla	n2_1e.cnm	n2extn01p01a01e.cnm	4	4	md5
n2	pla	n2_2a.cnm	n2extn01p01a02a.cnm	4	4	md5
n2	pla	n2_2c.cnm	n2extn01p01a02c.cnm	4	4	md5
n2	pla	n2_2d.cnm	n2extn01p01a02d.cnm	4	4	md5
n2	pla	n2_2e.cnm	n2extn01p01a02e.cnm	4	4	md5
n2	pla	n2_3a.cnm	n2extn01p01a03a.cnm	4	4	md5
n2	pla	n2_3c.cnm	n2extn01p01a03c.cnm	4	4	md5
n2	pla	n2_3d.cnm	n2extn01p01a03d.cnm	4	4	md5
n2	pla	n2_3e.cnm	n2extn01p01a03e.cnm	4	4	md5
n2	sound	1392.was	n2_bgr.was	6	1	md5
n2	sound	1394.wav	n2_voda1.wav	6	1	md5
n2	sound	1395.was	n2_mimes_forge_soft.was	6	1	md5
n2	sound	1396.wav	n2_forging1_deep.wav	6	1	md5
n2	sound	1397.wav	n2_steam_loop1.wav	6	1	md5
n2	sound	1399.wav	n2_door_open1.wav	6	1	md5
n2	sound	1400.wav	n2_door_open2.wav	6	1	md5
n2	sound	1401.wav	n2_mosaic_up.wav	6	1	md5
n2	sound	1402.wav	n2_mosaic_dn.wav	6	1	md5
n2	sound	1403.wav	n2_holo_up.wav	6	1	md5
n2	sound	1404.wav	n2_holo_dn.wav	6	1	md5
n2	sound	1405.was	n2_full_work.was	6	1	md5
n2	sound	1406.was	n2_moaning1.was	6	1	md5
n2	sound	1412.wav	n2_furnace_open.wav	6	1	md5
n2	sound	1413.wav	n2_furnace_close.wav	6	1	md5
n2	sound	1414.wav	n2_furnace_open_2.wav	6	1	md5
n2	sound	1415.wav	n2_furnace_close_1.wav	6	1	md5
n2	sound	1417.wac	tr_as_n2.01.wac	2,3,4	1	md5
n2	sound	1418.wac	tr_as_n2.02.wac	2,3,4	1	md5
n2	sound	1419.wac	tr_as_n2.02sp.wac	2,3,4	1	md5
n2	sound	1420.wac	tr_as_n2.03.wac	2,3,4	1	md5
n2	sound	1421.wac	tr_as_n2.04.wac	2,3,4	1	md5
n2	sound	1422.wac	tr_as_n2.05.wac	2,3,4	1	md5
n2	sound	1423.wac	tr_as_n2.06.wac	2,3,4	1	md5
n2	sound	1424.wac	tr_as_n2.06sp.wac	2,3,4	1	md5
n2	sound	1425.wac	tr_as_n2.07.wac	2,3,4	1	md5
n2	sound	1426.wac	tr_as_n2.08.wac	2,3,4	1	md5
n2	sound	1427.wac	n2extn01p01c01.01.wac	2,3,4	1	md5
n2	sound	1428.wac	n2extn01p01c01.02.wac	2,3,4	1	md5
n2	sound	1429.wac	n2extn01p01c01.03.wac	2,3,4	1	md5
n2	sound	1430.wac	n2extn01p01d01.wac	2,3,4	1	md5
n2	sound	1431.wac	n2extn01p01d02.wac	2,3,4	1	md5
n2	sound	1432.wac	n2extn01p01d03.wac	2,3,4	1	md5
n2	sound	1433.wac	n2extn01p01d04.wac	2,3,4	1	md5
n2	sound	1434.wac	n2extn01p01d05.wac	2,3,4	1	md5
n2	sound	1435.wac	n2extn01p01d06.wac	2,3,4	1	md5
n2	sound	1436.wac	n2extn01p01d07.wac	2,3,4	1	md5
n2	sound	1437.wac	n2extn01p01d08.wac	2,3,4	1	md5
n2	sound	1438.wac	n2extn01p01d09.wac	2,3,4	1	md5
n2	sound	1439.wac	n2extn01p01d10.wac	2,3,4	1	md5
n2	sound	1440.wac	n2extn01p01d11.wac	2,3,4	1	md5
n2	sound	1441.wac	n2extn01p01d12.wac	2,3,4	1	md5
n2	sound	1442.wac	n2extn01p01d13.wac	2,3,4	1	md5
n2	sound	1443.wac	n2extn01p01d14.wac	2,3,4	1	md5
n2	sound	1444.wac	n2extn01p01d15.wac	2,3,4	1	md5
n2	sound	1445.wac	n2extn01p01d16.wac	2,3,4	1	md5
n2	sound	1446.wac	n2extn01p01d17.wac	2,3,4	1	md5
n2	sound	1447.wac	n2extn01p01d18.wac	2,3,4	1	md5
n2	sound	1448.wac	n2extn01p01d18sp.wac	2,3,4	1	md5
n2	sound	1449.wac	n2extn01p01d19.wac	2,3,4	1	md5
n2	sound	1450.wac	n2extn01p01d20.wac	2,3,4	1	md5
n2	sound	1451.wac	n2extn01p01d21.wac	2,3,4	1	md5
n2	sound	1452.wac	n2extn01p01d21sp.wac	2,3,4	1	md5
n2	sound	1453.wac	n2extn01p01d22.wac	2,3,4	1	md5
n2	sound	1454.wac	n2extn01p01d23.wac	2,3,4	1	md5
n2	sound	1455.wac	n2extn01p01d24.wac	2,3,4	1	md5
n2	sound	1456.wac	n2extn01p01d25.wac	2,3,4	1	md5
n2	sound	1457.wac	n2extn01p01d26.wac	2,3,4	1	md5
n2	sound	1458.wac	n2extn01p01d27.wac	2,3,4	1	md5
n2	sound	1459.wac	n2extn01p01d28.wac	2,3,4	1	md5
n2	sound	1460.wac	n2extn01p01d29.wac	2,3,4	1	md5
n2	sound	1461.wac	n2extn01p01d30.wac	2,3,4	1	md5
n2	sound	1462.wac	n2extn01p01d31.wac	2,3,4	1	md5
n2	sound	1463.wac	n2extn01p01d32.wac	2,3,4	1	md5
n2	sound	1464.wac	n2extn01p01d33.wac	2,3,4	1	md5
n2	sound	1465.wac	n2extn01p01d34.wac	2,3,4	1	md5
n2	sound	1466.wac	n2extn01p01d35.wac	2,3,4	1	md5
n2	sound	1467.wac	n2extn01p01d36.wac	2,3,4	1	md5
n2	sound	1468.wac	n2extn01p01d37.wac	2,3,4	1	md5
n2	sound	1469.wac	n2s02n01p01d01.wac	2,3,4	1	md5
n2	sound	1470.wac	n2s02n01p01d02.wac	2,3,4	1	md5
n2	sound	1471.wac	n2s02n01p01d03.wac	2,3,4	1	md5
n2	sound	1472.wac	n2s02n01p01d04.wac	2,3,4	1	md5
n2	sound	1473.wac	n2s02n01p01d05.wac	2,3,4	1	md5
n2	sound	1474.wac	n2s02n01p01d06.wac	2,3,4	1	md5
n2	sound	1475.wac	n2s02n01p01d07.wac	2,3,4	1	md5
n2	sound	1476.wac	n2s02n01p01d08.wac	2,3,4	1	md5
n2	sound	1477.wac	n2s02n01p01d09.wac	2,3,4	1	md5
n2	sound	1478.wac	n2s02n01p01d10.wac	2,3,4	1	md5
n2	sound	1479.wac	n2s02n01p01d11.wac	2,3,4	1	md5
n2	sound	1480.wac	n2s02n01p01d12.wac	2,3,4	1	md5
n2	sound	1481.wac	n2s02n01p01d13.wac	2,3,4	1	md5
n2	sound	1482.wac	n2s03n01p01d01.wac	2,3,4	1	md5
n2	sound	1483.wac	n2s03n01p01d02.wac	2,3,4	1	md5
n2	sound	1484.wac	n2s03n01p01d03.wac	2,3,4	1	md5
n2	sound	1485.wac	n2s03n01p01d04.wac	2,3,4	1	md5
n2	sound	1486.wac	n2s03n01p01d05.wac	2,3,4	1	md5
n2	sound	1487.wac	n2s03n01p01d06.wac	2,3,4	1	md5
n2	sound	1488.wac	n2s03n01p01d07.wac	2,3,4	1	md5
n2	sound	1489.wac	n2s03n01p01d08.wac	2,3,4	1	md5
n2	sound	1490.wac	n2s03n01p01d09.wac	2,3,4	1	md5
n2	sound	1491.wac	n2s03n01p01d10.wac	2,3,4	1	md5
n2	sound	1492.wac	n2s03n01p01d11.wac	2,3,4	1	md5
ni	dia	1626.dan	cin_rh1_01.dan	2,3,4	1	md5
ni	dia	1626.dia	cin_rh1_01.dia	2,3,4	1	md5
ni	dia	1627.dan	cin_rh1_02.dan	2,3,4	1	md5
ni	dia	1627.dia	cin_rh1_02.dia	2,3,4	1	md5
ni	dia	1628.dan	cin_rh1_03.dan	2,3,4	1	md5
ni	dia	1628.dia	cin_rh1_03.dia	2,3,4	1	md5
ni	dia	1629.dan	nis03n01di01_01.dan	2,3,4	1	md5
ni	dia	1629.dia	nis03n01di01_01.dia	2,3,4	1	md5
ni	dia	1630.dan	nis03n01di01_01sp.dan	2,3,4	1	md5
ni	dia	1630.dia	nis03n01di01_01sp.dia	2,3,4	1	md5
ni	dia	1631.dan	nis03n01di01_02.dan	2,3,4	1	md5
ni	dia	1631.dia	nis03n01di01_02.dia	2,3,4	1	md5
ni	dia	1632.dan	nis03n01di01_03.dan	2,3,4	1	md5
ni	dia	1632.dia	nis03n01di01_03.dia	2,3,4	1	md5
ni	dia	1633.dan	nis03n01di02_01.dan	2,3,4	1	md5
ni	dia	1633.dia	nis03n01di02_01.dia	2,3,4	1	md5
ni	dia	1634.dan	nis03n01di02_02.dan	2,3,4	1	md5
ni	dia	1634.dia	nis03n01di02_02.dia	2,3,4	1	md5
ni	dia	1635.dan	nis03n01di02_03.dan	2,3,4	1	md5
ni	dia	1635.dia	nis03n01di02_03.dia	2,3,4	1	md5
ni	dia	1636.dan	nis03n01di02_04.dan	2,3,4	1	md5
ni	dia	1636.dia	nis03n01di02_04.dia	2,3,4	1	md5
ni	dia	1637.dan	nis03n01di02_05.dan	2,3,4	1	md5
ni	dia	1637.dia	nis03n01di02_05.dia	2,3,4	1	md5
ni	dia	1638.dan	nis03n01di03_01.dan	2,3,4	1	md5
ni	dia	1638.dia	nis03n01di03_01.dia	2,3,4	1	md5
ni	dia	1639.dan	nis03n01di03_02.dan	2,3,4	1	md5
ni	dia	1639.dia	nis03n01di03_02.dia	2,3,4	1	md5
ni	dia	1640.dan	nis03n01di04_01.dan	2,3,4	1	md5
ni	dia	1640.dia	nis03n01di04_01.dia	2,3,4	1	md5
ni	dia	1641.dan	nis03n01di04_02.dan	2,3,4	1	md5
ni	dia	1641.dia	nis03n01di04_02.dia	2,3,4	1	md5
ni	dia	1642.dan	nis03n01di05_01.dan	2,3,4	1	md5
ni	dia	1642.dia	nis03n01di05_01.dia	2,3,4	1	md5
ni	dia	1643.dan	nis03n01di06a_01.dan	2,3,4	1	md5
ni	dia	1643.dia	nis03n01di06a_01.dia	2,3,4	1	md5
ni	dia	1644.dan	nis03n01di06a_02.dan	2,3,4	1	md5
ni	dia	1644.dia	nis03n01di06a_02.dia	2,3,4	1	md5
ni	dia	1645.dan	nis03n01di06b_01.dan	2,3,4	1	md5
ni	dia	1645.dia	nis03n01di06b_01.dia	2,3,4	1	md5
ni	dia	1646.dan	nis03n01di06b_02.dan	2,3,4	1	md5
ni	dia	1646.dia	nis03n01di06b_02.dia	2,3,4	1	md5
ni	dia	1647.dan	nis03n01di06c_01.dan	2,3,4	1	md5
ni	dia	1647.dia	nis03n01di06c_01.dia	2,3,4	1	md5
ni	dia	1648.dan	nis03n01di06c_02.dan	2,3,4	1	md5
ni	dia	1648.dia	nis03n01di06c_02.dia	2,3,4	1	md5
ni	dia	1649.dan	nis03n01di07_01.dan	2,3,4	1	md5
ni	dia	1649.dia	nis03n01di07_01.dia	2,3,4	1	md5
ni	dia	1650.dia	nis02n01di08_01.dia	2,3,4	1	md5
ni	dia	1651.dan	nis02n01di08_02.dan	2,3,4	1	md5
ni	dia	1651.dia	nis02n01di08_02.dia	2,3,4	1	md5
ni	dia	1652.dia	nis02n01di08_03.dia	2,3,4	1	md5
ni	dia	1653.dan	nis02n01di08_04.dan	2,3,4	1	md5
ni	dia	1653.dia	nis02n01di08_04.dia	2,3,4	1	md5
ni	dia	1654.dia	nis02n01di08_05.dia	2,3,4	1	md5
ni	dia	1655.dan	nis02n01di09_01.dan	2,3,4	1	md5
ni	dia	1655.dia	nis02n01di09_01.dia	2,3,4	1	md5
ni	dia	1656.dan	nis02n01di09_02.dan	2,3,4	1	md5
ni	dia	1656.dia	nis02n01di09_02.dia	2,3,4	1	md5
ni	dia	1657.dan	nis02n01di09_03.dan	2,3,4	1	md5
ni	dia	1657.dia	nis02n01di09_03.dia	2,3,4	1	md5
ni	dia	1658.dan	nis02n01di09_04.dan	2,3,4	1	md5
ni	dia	1658.dia	nis02n01di09_04.dia	2,3,4	1	md5
ni	dia	1659.dan	nis02n01di09_05.dan	2,3,4	1	md5
ni	dia	1659.dia	nis02n01di09_05.dia	2,3,4	1	md5
ni	dia	1660.dan	nis02n01di09_06.dan	2,3,4	1	md5
ni	dia	1660.dia	nis02n01di09_06.dia	2,3,4	1	md5
ni	dia	1661.dia	vov_ni1_01.dia	2,3,4	1	md5
ni	dia	1662.dia	vov_ni1_02.dia	2,3,4	1	md5
ni	dia	1663.dia	vov_ni1_03.dia	2,3,4	1	md5
ni	dia	1664.dia	vov_ni1_04.dia	2,3,4	1	md5
ni	dia	1665.dia	vov_ni1_05.dia	2,3,4	1	md5
ni	pla	1509.cnm	nis02n01_s00n01.cnm	2	2	md5
ni	pla	1510.cnm	nis01n01p01a01.cnm	2	2	md5
ni	pla	1511.cnm	nis01n01_s00n07.cnm	2	2	md5
ni	pla	1512.cnm	nis03n01p02a02.cnm	2	2	md5
ni	pla	1513.cnm	nis03n01a01.cnm	2	2	md5
ni	pla	1514.cnm	niextraanim03.cnm	2	2	md5
ni	pla	1515.cnm	nis04n04_s04n05.cnm	2	2	md5
ni	pla	1516.cnm	nis04n04_s04n05_var02.cnm	2	2	md5
ni	pla	1517.cnm	nis04n05_s04n06.cnm	2	2	md5
ni	pla	1518.cnm	nis04n05_s04n06_var3.cnm	2	2	md5
ni	pla	1519.cnm	nis04n05_s04n06_var2.cnm	2	2	md5
ni	pla	1520.cnm	tr_ni_rh_a.cnm	2	2	md5
ni	pla	1521.cnm	nis05n01a01.cnm	2	2	md5
ni	pla	1522.cnm	nis05n01p01l01a02_1.cnm	2	2	md5
ni	pla	1523.cnm	nis05n01p01l01a02_2.cnm	2	2	md5
ni	pla	1524.cnm	nis06n01_s05n01.cnm	2	2	md5
ni	pla	1525.cnm	nis02n01p02a02.cnm	2	2	md5
ni	pla	1526.cnm	nis02n01p02a04.cnm	2	2	md5
ni	pla	1527.cnm	nis02n01p02a01.cnm	2	2	md5
ni	pla	1528.cnm	nis04n02p01a01.cnm	2	2	md5
ni	pla	1529.cnm	nis04n02p01l01a01.cnm	2	2	md5
ni	pla	1530.cnm	nis04n02p02a01.cnm	2	2	md5
ni	pla	1531.cnm	nis04n02p02l01a01.cnm	2	2	md5
ni	pla	1533.cnm	nis04n02p01a02.cnm	2	2	md5
ni	pla	1534.cnm	nis04n02p01l01a02.cnm	2	2	md5
ni	pla	1535.cnm	nis04n02p02a02.cnm	2	2	md5
ni	pla	1536.cnm	nis04n02p02l01a02.cnm	2	2	md5
ni	pla	1537.cnm	tr_ni_rh_bshort.cnm	2	2	md5
ni	pla	1538.cnm	niextraanim06.cnm	2	2	md5
ni	pla	1539.cnm	tr_ni_as.cnm	2	2	md5
ni	pla	1540.cnm	tr_as_ni_a.cnm	2	2	md5
ni	pla	1541.cnm	tr_as_ni_b.cnm	2	2	md5
ni	pla	1542.cnm	tr_ni_rh_cshort.cnm	2	2	md5
ni	pla	1543.cnm	nis03n01p01a01.cnm	2	2	md5
ni	pla	1544.cnm	nis03n01p01a02.cnm	2	2	md5
ni	pla	1545.cnm	nis03n01p02a04.cnm	2	2	md5
ni	pla	1546.cnm	nis03n01p02a01.cnm	2	2	md5
ni	pla	1547.cnm	nis03n01p02a03.cnm	2	2	md5
ni	pla	1548.cnm	nis02n01p02a03.cnm	2	2	md5
ni	pla	1549.cnm	niextraanim01_02.cnm	2	2	md5
ni	pla	1550.cnm	tr_rh_ni_b.cnm	2	2	md5
ni	pla	1551.cnm	nis00n01_s00n03.cnm	2	2	md5
ni	pla	1552.cnm	nis00n01_s04n01.cnm	2	2	md5
ni	pla	1553.cnm	nis00n01_s02n01.cnm	2	2	md5
ni	pla	1554.cnm	nis00n03_s00n04.cnm	2	2	md5
ni	pla	1555.cnm	nis00n03_s00n01.cnm	2	2	md5
ni	pla	1556.cnm	nis00n04_s00n06.cnm	2	2	md5
ni	pla	1557.cnm	nis00n04_s00n03.cnm	2	2	md5
ni	pla	1558.cnm	nis00n04_s00n05.cnm	2	2	md5
ni	pla	1559.cnm	nis00n05_s00n04.cnm	2	2	md5
ni	pla	1560.cnm	niextraanim02_03.cnm	2	2	md5
ni	pla	1561.cnm	nis00n06_s00n07.cnm	2	2	md5
ni	pla	1562.cnm	nis00n06_s00n04.cnm	2	2	md5
ni	pla	1563.cnm	nis00n07_s01n01.cnm	2	2	md5
ni	pla	1564.cnm	nis00n07_s00n06.cnm	2	2	md5
ni	pla	1565.cnm	nis01n01_s01n02.cnm	2	2	md5
ni	pla	1566.cnm	nis01n02_s01n01.cnm	2	2	md5
ni	pla	1567.cnm	nis01n02_s06n01_var02.cnm	2	2	md5
ni	pla	1568.cnm	nis01n02_s06n01.cnm	2	2	md5
ni	pla	1569.cnm	niextraanim02_02.cnm	2	2	md5
ni	pla	1570.cnm	niextraanim01_03.cnm	2	2	md5
ni	pla	1571.cnm	nis04n01_s00n01.cnm	2	2	md5
ni	pla	1572.cnm	niextraanim02_04.cnm	2	2	md5
ni	pla	1573.cnm	niextraanim01_04.cnm	2	2	md5
ni	pla	1574.cnm	nis04n02_s04n03.cnm	2	2	md5
ni	pla	1575.cnm	nis04n03_s04n02.cnm	2	2	md5
ni	pla	1576.cnm	nis04n04_s04n03.cnm	2	2	md5
ni	pla	1577.cnm	nis04n05_s04n04.cnm	2	2	md5
ni	pla	1579.cnm	nis05n01_s06n01.cnm	2	2	md5
ni	pla	1580.cnm	nis06n01_s01n02.cnm	2	2	md5
ni	pla	1581.cnm	nis04n03_s04n04.cnm	2	2	md5
ni	pla	1582.cnm	nis05n01p03a01.cnm	2	2	md5
ni	sound	1583.was	ni_bgr_main_hall.was	6	1	md5
ni	sound	1584.was	ni_bgr_lift.was	6	1	md5
ni	sound	1585.was	ni_bgr_command.was	6	1	md5
ni	sound	1586.wav	ni_voda1.wav	6	1	md5
ni	sound	1587.was	ni_mimes_forge_soft.was	6	1	md5
ni	sound	1588.wav	ni_forging1_deep.wav	6	1	md5
ni	sound	1589.wac	glug_2.wac	6	1	md5
ni	sound	1590.wac	glug_1.wac	6	1	md5
ni	sound	1591.wav	ni_glug_motor_start.wav	6	1	md5
ni	sound	1592.was	ni_glug_motor_loop.was	6	1	md5
ni	sound	1593.wav	ni_glug_motor_stop.wav	6	1	md5
ni	sound	1594.wav	ni_hatch_open.wav	6	1	md5
ni	sound	1595.wav	ni_hatch_close.wav	6	1	md5
ni	sound	1596.was	ni_water_dripping.was	6	1	md5
ni	sound	1597.wav	ni_underwater_loop.wav	6	1	md5
ni	sound	1598.was	ni_breathing_slow.was	6	1	md5
ni	sound	1599.wav	ni_steam_loop1.wav	6	1	md5
ni	sound	1600.wav	ni_explosion_short.wav	6	1	md5
ni	sound	1601.wav	ni_door_open1.wav	6	1	md5
ni	sound	1602.wav	ni_door_open2.wav	6	1	md5
ni	sound	1603.wav	ni_mosaic_up.wav	6	1	md5
ni	sound	1604.wav	ni_mosaic_dn.wav	6	1	md5
ni	sound	1605.wav	ni_holo_up.wav	6	1	md5
ni	sound	1606.wav	ni_holo_dn.wav	6	1	md5
ni	sound	1607.wac	alb_1.wac	6	1	md5
ni	sound	1608.wac	alb_2.wac	6	1	md5
ni	sound	1609.wac	alb_3.wac	6	1	md5
ni	sound	1610.wac	alb_4.wac	6	1	md5
ni	sound	1611.wac	alb_5.wac	6	1	md5
ni	sound	1612.wac	alb_6.wac	6	1	md5
ni	sound	1613.wac	alb_7.wac	6	1	md5
ni	sound	1614.wac	alb_8.wac	6	1	md5
ni	sound	1615.wac	alb_9.wac	6	1	md5
ni	sound	1616.wav	ni_steam_blast1.wav	6	1	md5
ni	sound	1617.wav	ni_keypress.wav	6	1	md5
ni	sound	1618.wav	ni_grind1.wav	6	1	md5
ni	sound	1619.wav	ni_rock_rotate_fast.wav	6	1	md5
ni	sound	1620.wav	ni_valve_open.wav	6	1	md5
ni	sound	1621.wav	ni_valve_close.wav	6	1	md5
ni	sound	1622.wav	ni_furnace_open.wav	6	1	md5
ni	sound	1623.wav	ni_furnace_close.wav	6	1	md5
ni	sound	1624.wav	ni_furnace_open_2.wav	6	1	md5
ni	sound	1625.wav	ni_furnace_close_1.wav	6	1	md5
ni	sound	1626.wac	cin_rh1_01.wac	2,3,4	1	md5
ni	sound	1627.wac	cin_rh1_02.wac	2,3,4	1	md5
ni	sound	1628.wac	cin_rh1_03.wac	2,3,4	1	md5
ni	sound	1629.wac	nis03n01di01_01.wac	2,3,4	1	md5
ni	sound	1630.wac	nis03n01di01_01sp.wac	2,3,4	1	md5
ni	sound	1631.wac	nis03n01di01_02.wac	2,3,4	1	md5
ni	sound	1632.wac	nis03n01di01_03.wac	2,3,4	1	md5
ni	sound	1633.wac	nis03n01di02_01.wac	2,3,4	1	md5
ni	sound	1634.wac	nis03n01di02_02.wac	2,3,4	1	md5
ni	sound	1635.wac	nis03n01di02_03.wac	2,3,4	1	md5
ni	sound	1636.wac	nis03n01di02_04.wac	2,3,4	1	md5
ni	sound	1637.wac	nis03n01di02_05.wac	2,3,4	1	md5
ni	sound	1638.wac	nis03n01di03_01.wac	2,3,4	1	md5
ni	sound	1639.wac	nis03n01di03_02.wac	2,3,4	1	md5
ni	sound	1640.wac	nis03n01di04_01.wac	2,3,4	1	md5
ni	sound	1641.wac	nis03n01di04_02.wac	2,3,4	1	md5
ni	sound	1642.wac	nis03n01di05_01.wac	2,3,4	1	md5
ni	sound	1643.wac	nis03n01di06a_01.wac	2,3,4	1	md5
ni	sound	1644.wac	nis03n01di06a_02.wac	2,3,4	1	md5
ni	sound	1645.wac	nis03n01di06b_01.wac	2,3,4	1	md5
ni	sound	1646.wac	nis03n01di06b_02.wac	2,3,4	1	md5
ni	sound	1647.wac	nis03n01di06c_01.wac	2,3,4	1	md5
ni	sound	1648.wac	nis03n01di06c_02.wac	2,3,4	1	md5
ni	sound	1649.wac	nis03n01di07_01.wac	2,3,4	1	md5
ni	sound	1650.wac	nis02n01di08_01.wac	2,3,4	1	md5
ni	sound	1651.wac	nis02n01di08_02.wac	2,3,4	1	md5
ni	sound	1652.wac	nis02n01di08_03.wac	2,3,4	1	md5
ni	sound	1653.wac	nis02n01di08_04.wac	2,3,4	1	md5
ni	sound	1654.wac	nis02n01di08_05.wac	2,3,4	1	md5
ni	sound	1655.wac	nis02n01di09_01.wac	2,3,4	1	md5
ni	sound	1656.wac	nis02n01di09_02.wac	2,3,4	1	md5
ni	sound	1657.wac	nis02n01di09_03.wac	2,3,4	1	md5
ni	sound	1658.wac	nis02n01di09_04.wac	2,3,4	1	md5
ni	sound	1659.wac	nis02n01di09_05.wac	2,3,4	1	md5
ni	sound	1660.wac	nis02n01di09_06.wac	2,3,4	1	md5
ni	sound	1661.wac	vov_ni1_01.wac	2,3,4	1	md5
ni	sound	1662.wac	vov_ni1_02.wac	2,3,4	1	md5
ni	sound	1663.wav	vov_ni1_03.wav	2,3,4	1	md5
ni	sound	1664.wac	vov_ni1_04.wac	2,3,4	1	md5
ni	sound	1665.wac	vov_ni1_05.wac	2,3,4	1	md5
rh	dia	1626.dan	cin_rh1_01.dan	2,3,4	1	md5
rh	dia	1626.dia	cin_rh1_01.dia	2,3,4	1	md5
rh	dia	1627.dan	cin_rh1_02.dan	2,3,4	1	md5
rh	dia	1627.dia	cin_rh1_02.dia	2,3,4	1	md5
rh	dia	1628.dan	cin_rh1_03.dan	2,3,4	1	md5
rh	dia	1628.dia	cin_rh1_03.dia	2,3,4	1	md5
rh	dia	1759.dan	rhs00n01p01di01.dan	2,3,4	1	md5
rh	dia	1759.dia	rhs00n01p01di01.dia	2,3,4	1	md5
rh	dia	1760.dan	rhs00n01p01di02.dan	2,3,4	1	md5
rh	dia	1760.dia	rhs00n01p01di02.dia	2,3,4	1	md5
rh	dia	1761.dan	rhs00n01p01di03.dan	2,3,4	1	md5
rh	dia	1761.dia	rhs00n01p01di03.dia	2,3,4	1	md5
rh	dia	1762.dan	rhs00n02p01di01.dan	2,3,4	1	md5
rh	dia	1762.dia	rhs00n02p01di01.dia	2,3,4	1	md5
rh	dia	1763.dan	rhs00n02p01di02.dan	2,3,4	1	md5
rh	dia	1763.dia	rhs00n02p01di02.dia	2,3,4	1	md5
rh	dia	1764.dan	rhs00n02p01di03.dan	2,3,4	1	md5
rh	dia	1764.dia	rhs00n02p01di03.dia	2,3,4	1	md5
rh	dia	1765.dan	rhs00n03p01di01.dan	2,3,4	1	md5
rh	dia	1765.dia	rhs00n03p01di01.dia	2,3,4	1	md5
rh	dia	1766.dan	rhs00n03p01di02.dan	2,3,4	1	md5
rh	dia	1766.dia	rhs00n03p01di02.dia	2,3,4	1	md5
rh	dia	1767.dan	rhs00n03p01di03.dan	2,3,4	1	md5
rh	dia	1767.dia	rhs00n03p01di03.dia	2,3,4	1	md5
rh	dia	1768.dan	rhs02n01p02di01.dan	2,3,4	1	md5
rh	dia	1768.dia	rhs02n01p02di01.dia	2,3,4	1	md5
rh	dia	1769.dan	rhs02n02p01di01.dan	2,3,4	1	md5
rh	dia	1769.dia	rhs02n02p01di01.dia	2,3,4	1	md5
rh	dia	1770.dan	rhs03n01p01di01.dan	2,3,4	1	md5
rh	dia	1770.dia	rhs03n01p01di01.dia	2,3,4	1	md5
rh	dia	1771.dan	rhs03n02p01di01.dan	2,3,4	1	md5
rh	dia	1771.dia	rhs03n02p01di01.dia	2,3,4	1	md5
rh	dia	1772.dan	rhs03n03p01di01.dan	2,3,4	1	md5
rh	dia	1772.dia	rhs03n03p01di01.dia	2,3,4	1	md5
rh	dia	1773.dan	rhs03n04p01di01.dan	2,3,4	1	md5
rh	dia	1773.dia	rhs03n04p01di01.dia	2,3,4	1	md5
rh	dia	1774.dan	rhs04n01p01di01.dan	2,3,4	1	md5
rh	dia	1774.dia	rhs04n01p01di01.dia	2,3,4	1	md5
rh	dia	1775.dan	rhs04n02p01di01.dan	2,3,4	1	md5
rh	dia	1775.dia	rhs04n02p01di01.dia	2,3,4	1	md5
rh	dia	1776.dan	rhs05n01p01di01.dan	2,3,4	1	md5
rh	dia	1776.dia	rhs05n01p01di01.dia	2,3,4	1	md5
rh	dia	1777.dan	rhs05n01p01di02.dan	2,3,4	1	md5
rh	dia	1777.dia	rhs05n01p01di02.dia	2,3,4	1	md5
rh	dia	1778.dan	rhs05n01p01di03.dan	2,3,4	1	md5
rh	dia	1778.dia	rhs05n01p01di03.dia	2,3,4	1	md5
rh	dia	1779.dan	rhs05n03p01di01.dan	2,3,4	1	md5
rh	dia	1779.dia	rhs05n03p01di01.dia	2,3,4	1	md5
rh	pla	1666.cnm	tr_rh_ni_a.cnm	3	3	md5
rh	pla	1667.cnm	rhs07n01p01a01.cnm	3	3	md5
rh	pla	1668.cnm	rhs06n01_s07n01_var2.cnm	3	3	md5
rh	pla	1669.cnm	rhs06n01_s07n01_var1.cnm	3	3	md5
rh	pla	1670.cnm	rhs05n01_s05n03_var1.cnm	3	3	md5
rh	pla	1671.cnm	rhs05n01_s05n03_var2.cnm	3	3	md5
rh	pla	1672.cnm	rhs05n01_s05n02.cnm	3	3	md5
rh	pla	1673.cnm	rhs05n01p01a01.cnm	3	3	md5
rh	pla	1674.cnm	rhs04n01p01a02.cnm	3	3	md5
rh	pla	1675.cnm	rhs04n01p01a01.cnm	3	3	md5
rh	pla	1676.cnm	rhs03n01p01a01a.cnm	3	3	md5
rh	pla	1677.cnm	rhs03n01_s03n02_var2.cnm	3	3	md5
rh	pla	1678.cnm	rhs03n01_s03n02_var1.cnm	3	3	md5
rh	pla	1679.cnm	rhs03n01p01a02.cnm	3	3	md5
rh	pla	1680.cnm	rhs03n01p01a01.cnm	3	3	md5
rh	pla	1681.cnm	rhs03n02_s03n03_var2.cnm	3	3	md5
rh	pla	1682.cnm	rhs03n02_s03n03_var1.cnm	3	3	md5
rh	pla	1683.cnm	rhs03n02p01a02.cnm	3	3	md5
rh	pla	1684.cnm	rhs03n03p01a01.cnm	3	3	md5
rh	pla	1685.cnm	rhs03n03_s03n04.cnm	3	3	md5
rh	pla	1686.cnm	rhs03n03p01a03.cnm	3	3	md5
rh	pla	1687.cnm	rhs03n03p01a02.cnm	3	3	md5
rh	pla	1688.cnm	rhs02n01p02a03.cnm	3	3	md5
rh	pla	1689.cnm	rhs02n01p02a01.cnm	3	3	md5
rh	pla	1690.cnm	rhs02n01p02a02.cnm	3	3	md5
rh	pla	1691.cnm	rhs02n01p02a04.cnm	3	3	md5
rh	pla	1692.cnm	rhs02n01p02a05.cnm	3	3	md5
rh	pla	1693.cnm	rhs02n01p01a02.cnm	3	3	md5
rh	pla	1694.cnm	rhs02n01p01a01.cnm	3	3	md5
rh	pla	1695.cnm	rhs01n01_s02n01.cnm	3	3	md5
rh	pla	1696.cnm	rhe02.cnm	3	3	md5
rh	pla	1697.cnm	tr_ni_rh_c.cnm	3	3	md5
rh	pla	1698.cnm	rhs02n01p02a06.cnm	3	3	md5
rh	pla	1699.cnm	rhs02n02a01.cnm	3	3	md5
rh	pla	1700.cnm	rhs03n02p01a01.cnm	3	3	md5
rh	pla	1701.cnm	rhs03n04a01.cnm	3	3	md5
rh	pla	1702.cnm	rhs04n01_s04n02.cnm	3	3	md5
rh	pla	1703.cnm	rhs04n02a01.cnm	3	3	md5
rh	pla	1704.cnm	rhs05n02_s05n01.cnm	3	3	md5
rh	pla	1705.cnm	rhs05n03a01.cnm	3	3	md5
rh	pla	1706.cnm	tr_ni_rh_b.cnm	3	3	md5
rh	pla	1707.cnm	rhs02n03_s03n01.cnm	3	3	md5
rh	pla	1708.cnm	rhs00n01p01sa02_l0.cnm	3	3	md5
rh	pla	1709.cnm	rhe01.cnm	3	3	md5
rh	pla	1713.cnm	rhs00n02p01sa02_l0.cnm	3	3	md5
rh	pla	1717.cnm	rhs00n03p01sa02_l0.cnm	3	3	md5
rh	pla	1718.cnm	rhs00n03_s01n01.cnm	3	3	md5
rh	pla	1722.cnm	rhs02n01_s02n02.cnm	3	3	md5
rh	pla	1724.cnm	rhs02n02_s02n03_var1.cnm	3	3	md5
rh	pla	1725.cnm	rhs02n02_s02n03_var2.cnm	3	3	md5
rh	pla	1726.cnm	rhs02n02_s02n01.cnm	3	3	md5
rh	pla	1727.cnm	rhs02n03_s02n02_var1.cnm	3	3	md5
rh	pla	1728.cnm	rhs02n03_s02n02_var2.cnm	3	3	md5
rh	pla	1729.cnm	rhs03n04_s03n05_var1.cnm	3	3	md5
rh	pla	1730.cnm	rhs03n04_s03n05_var2.cnm	3	3	md5
rh	pla	1731.cnm	rhs03n04_s03n03.cnm	3	3	md5
rh	pla	1732.cnm	rhs03n05_s03n04_var1.cnm	3	3	md5
rh	pla	1733.cnm	rhs03n05_s03n04_var2.cnm	3	3	md5
rh	pla	1734.cnm	rhs03n05_s04n01.cnm	3	3	md5
rh	pla	1735.cnm	rhs04n02_s04n03_var1.cnm	3	3	md5
rh	pla	1736.cnm	rhs04n02_s04n03_var2.cnm	3	3	md5
rh	pla	1737.cnm	rhs04n03_s04n02_var1.cnm	3	3	md5
rh	pla	1738.cnm	rhs04n03_s04n02_var2.cnm	3	3	md5
rh	pla	1739.cnm	rhs04n03_s05n01.cnm	3	3	md5
rh	pla	1740.cnm	rhs05n03_s05n01.cnm	3	3	md5
rh	pla	1741.cnm	rhs05n03_s05n04.cnm	3	3	md5
rh	pla	1742.cnm	rhs05n04_s05n03_var1.cnm	3	3	md5
rh	pla	1743.cnm	rhs05n04_s05n03_var2.cnm	3	3	md5
rh	pla	1744.cnm	rhs05n04_s06n01.cnm	3	3	md5
rh	pla	rh_1.cnm	rhs00n01p01sa04.cnm	3	3	md5
rh	pla	rh_1_l0.cnm	rhs00n01p01sa03_l0.cnm	3	3	md5
rh	pla	rh_2.cnm	rhs00n02p01sa04.cnm	3	3	md5
rh	pla	rh_2_l0.cnm	rhs00n02p01sa03_l0.cnm	3	3	md5
rh	pla	rh_3.cnm	rhs00n03p01sa04.cnm	3	3	md5
rh	pla	rh_3_l0.cnm	rhs00n03p01sa03_l0.cnm	3	3	md5
rh	sound	1626.wac	cin_rh1_01.wac	2,3,4	1	md5
rh	sound	1627.wac	cin_rh1_02.wac	2,3,4	1	md5
rh	sound	1628.wac	cin_rh1_03.wac	2,3,4	1	md5
rh	sound	1746.was	rh_bgr_river.was	6	1	md5
rh	sound	1747.was	rh_bgr_temptations.was	6	1	md5
rh	sound	1748.was	rh_bgr_mountain.was	6	1	md5
rh	sound	1749.was	rh_bgr_desire.was	6	1	md5
rh	sound	1750.was	rh_bgr_trust.was	6	1	md5
rh	sound	1751.was	rh_bgr_generosity.was	6	1	md5
rh	sound	1752.was	rh_bgr_sacrifice.was	6	1	md5
rh	sound	1753.was	rh_bgr_gold.was	6	1	md5
rh	sound	1754.wac	rh_water_dripping.wac	6	1	md5
rh	sound	1755.wav	rh_door_unlock.wav	6	1	md5
rh	sound	1756.was	rh_breathing.was	6	1	md5
rh	sound	1757.wav	rh_breathe.wav	6	1	md5
rh	sound	1758.wac	rh_grind1.wac	6	1	md5
rh	sound	1759.wac	rhs00n01p01di01.wac	2,3,4	1	md5
rh	sound	1760.wac	rhs00n01p01di02.wac	2,3,4	1	md5
rh	sound	1761.wac	rhs00n01p01di03.wac	2,3,4	1	md5
rh	sound	1762.wac	rhs00n02p01di01.wac	2,3,4	1	md5
rh	sound	1763.wac	rhs00n02p01di02.wac	2,3,4	1	md5
rh	sound	1764.wac	rhs00n02p01di03.wac	2,3,4	1	md5
rh	sound	1765.wac	rhs00n03p01di01.wac	2,3,4	1	md5
rh	sound	1766.wac	rhs00n03p01di02.wac	2,3,4	1	md5
rh	sound	1767.wac	rhs00n03p01di03.wac	2,3,4	1	md5
rh	sound	1768.wac	rhs02n01p02di01.wac	2,3,4	1	md5
rh	sound	1769.wac	rhs02n02p01di01.wac	2,3,4	1	md5
rh	sound	1770.wac	rhs03n01p01di01.wac	2,3,4	1	md5
rh	sound	1771.wac	rhs03n02p01di01.wac	2,3,4	1	md5
rh	sound	1772.wac	rhs03n03p01di01.wac	2,3,4	1	md5
rh	sound	1773.wac	rhs03n04p01di01.wac	2,3,4	1	md5
rh	sound	1774.wac	rhs04n01p01di01.wac	2,3,4	1	md5
rh	sound	1775.wac	rhs04n02p01di01.wac	2,3,4	1	md5
rh	sound	1776.wac	rhs05n01p01di01.wac	2,3,4	1	md5
rh	sound	1777.wac	rhs05n01p01di02.wac	2,3,4	1	md5
rh	sound	1778.wac	rhs05n01p01di03.wac	2,3,4	1	md5
rh	sound	1779.wac	rhs05n03p01di01.wac	2,3,4	1	md5
ro	dia	1817.dia	ro_kristal.dia	2,3,4	1	md5
ro	dia	1818.dia	ro_kristal7.dia	2,3,4	1	md5
ro	dia	1819.dia	ro_kristal6.dia	2,3,4	1	md5
ro	dia	1820.dia	ro_kristal5.dia	2,3,4	1	md5
ro	dia	1821.dia	ro_kristal4.dia	2,3,4	1	md5
ro	dia	1822.dia	ro_kristal3.dia	2,3,4	1	md5
ro	dia	1823.dia	ro_kristal2.dia	2,3,4	1	md5
ro	dia	1824.dia	ro_kristal1.dia	2,3,4	1	md5
ro	dia	1825.dia	ro_kristalr7.dia	2,3,4	1	md5
ro	dia	1826.dia	ro_kristalr6.dia	2,3,4	1	md5
ro	dia	1827.dia	ro_kristalr5.dia	2,3,4	1	md5
ro	dia	1828.dia	ro_kristalr4.dia	2,3,4	1	md5
ro	dia	1829.dia	ro_kristalr3.dia	2,3,4	1	md5
ro	dia	1830.dia	ro_kristalr2.dia	2,3,4	1	md5
ro	dia	1831.dia	ro_kristalr1.dia	2,3,4	1	md5
ro	dia	1832.dia	cin_ro1_01.01.dia	2,3,4	1	md5
ro	dia	1833.dan	cin_ro1_01.02.dan	2,3,4	1	md5
ro	dia	1833.dia	cin_ro1_01.02.dia	2,3,4	1	md5
ro	dia	1834.dan	cin_ro1_02.01.dan	2,3,4	1	md5
ro	dia	1834.dia	cin_ro1_02.01.dia	2,3,4	1	md5
ro	dia	1835.dia	cin_ro1_02.02.dia	2,3,4	1	md5
ro	dia	1836.dan	cin_ro1_02.03.dan	2,3,4	1	md5
ro	dia	1836.dia	cin_ro1_02.03.dia	2,3,4	1	md5
ro	dia	1837.dia	cin_ro1_02.04.dia	2,3,4	1	md5
ro	dia	1838.dia	cin_ro1_02.05.dia	2,3,4	1	md5
ro	dia	1839.dan	cin_ro1_02.06.dan	2,3,4	1	md5
ro	dia	1839.dia	cin_ro1_02.06.dia	2,3,4	1	md5
ro	dia	1840.dia	ros00n01p01c01.01.dia	2,3,4	1	md5
ro	dia	1841.dia	ros00n01p01c01.02.dia	2,3,4	1	md5
ro	dia	1842.dia	ros00n01p01c01.03.dia	2,3,4	1	md5
ro	dia	1843.dia	ros00n01p01c01.04.dia	2,3,4	1	md5
ro	pla	1506.cnm	tr_ni2_ro_b.cnm	4	1	md5
ro	pla	1780.cnm	ros00n01p01a01.cnm	4	1	md5
ro	pla	1781.cnm	ros00n01p01s02.cnm	4	1	md5
ro	pla	1782.cnm	ros00n01p01s01.cnm	4	1	md5
ro	pla	1783.cnm	ros00n01p01a02b.cnm	4	1	md5
ro	pla	1784.cnm	ros00n01p01a02a.cnm	4	1	md5
ro	pla	1785.cnm	ros00n06p01s10a.cnm	4	1	md5
ro	pla	1786.cnm	ros00n06p01a01.cnm	4	1	md5
ro	pla	1787.cnm	ros00n06p01s10.cnm	4	1	md5
ro	pla	1788.cnm	ros00n01p01a03.cnm	4	1	md5
ro	pla	1789.cnm	ros00n01_s00n02_var1.cnm	4	1	md5
ro	pla	1790.cnm	ros00n02_s00n05.cnm	4	1	md5
ro	pla	1791.cnm	ros00n02_s00n04.cnm	4	1	md5
ro	pla	1792.cnm	ros00n02_s00n01_var1.cnm	4	1	md5
ro	pla	1793.cnm	ros00n02_s00n03_var1.cnm	4	1	md5
ro	pla	1794.cnm	ros00n03_s00n02_var1.cnm	4	1	md5
ro	pla	1795.cnm	ros00n04_s00n02_var1.cnm	4	1	md5
ro	pla	1796.cnm	ros00n05_s00n06_var2.cnm	4	1	md5
ro	pla	1797.cnm	ros00n05_s00n02_var1.cnm	4	1	md5
ro	pla	1798.cnm	ros00n06_s00n05.cnm	4	1	md5
ro	pla	ro0102.cnm	ros00n01_s00n02_var2.cnm	4	1	md5
ro	pla	ro0201.cnm	ros00n02_s00n01_var2.cnm	4	1	md5
ro	pla	ro0203.cnm	ros00n02_s00n03_var2.cnm	4	1	md5
ro	pla	ro0302.cnm	ros00n03_s00n02_var2.cnm	4	1	md5
ro	pla	ro0402.cnm	ros00n04_s00n02_var2.cnm	4	1	md5
ro	pla	ro0502.cnm	ros00n05_s00n02_var2.cnm	4	1	md5
ro	sound	1318.wav	ro_rotate.wav	6	1	md5
ro	sound	1799.was	ro_egg_active.was	6	1	md5
ro	sound	1800.was	ro_musical_hint.was	6	1	md5
ro	sound	1802.wav	ro_eggbeat.wav	6	1	md5
ro	sound	1803.wav	ro_piano.wav	6	1	md5
ro	sound	1804.wav	ro_tiles.wav	6	1	md5
ro	sound	1805.wav	ro_klav_1.wav	6	1	md5
ro	sound	1806.wav	ro_klav_2.wav	6	1	md5
ro	sound	1807.wav	ro_klav_3.wav	6	1	md5
ro	sound	1808.wav	ro_klav_4.wav	6	1	md5
ro	sound	1809.wav	ro_klav_5.wav	6	1	md5
ro	sound	1810.wav	ro_klav_6.wav	6	1	md5
ro	sound	1811.wav	ro_klav_7.wav	6	1	md5
ro	sound	1812.wav	ro_klav_8.wav	6	1	md5
ro	sound	1813.wav	ro_rokaup.wav	6	1	md5
ro	sound	1814.wav	ro_rokadn.wav	6	1	md5
ro	sound	1815.wav	ro_kristal_rotate.wav	6	1	md5
ro	sound	1816.was	ro_naturetheme.was	6	1	md5
ro	sound	1817.wav	ro_kristal.wav	2,3,4	1	md5
ro	sound	1818.wav	ro_kristal7.wav	2,3,4	1	md5
ro	sound	1819.wav	ro_kristal6.wav	2,3,4	1	md5
ro	sound	1820.wav	ro_kristal5.wav	2,3,4	1	md5
ro	sound	1821.wav	ro_kristal4.wav	2,3,4	1	md5
ro	sound	1822.wav	ro_kristal3.wav	2,3,4	1	md5
ro	sound	1823.wav	ro_kristal2.wav	2,3,4	1	md5
ro	sound	1824.wav	ro_kristal1.wav	2,3,4	1	md5
ro	sound	1825.wav	ro_kristalr7.wav	2,3,4	1	md5
ro	sound	1826.wav	ro_kristalr6.wav	2,3,4	1	md5
ro	sound	1827.wav	ro_kristalr5.wav	2,3,4	1	md5
ro	sound	1828.wav	ro_kristalr4.wav	2,3,4	1	md5
ro	sound	1829.wav	ro_kristalr3.wav	2,3,4	1	md5
ro	sound	1830.wav	ro_kristalr2.wav	2,3,4	1	md5
ro	sound	1831.wav	ro_kristalr1.wav	2,3,4	1	md5
ro	sound	1832.wac	cin_ro1_01.01.wac	2,3,4	1	md5
ro	sound	1833.wac	cin_ro1_01.02.wac	2,3,4	1	md5
ro	sound	1834.wac	cin_ro1_02.01.wac	2,3,4	1	md5
ro	sound	1835.wac	cin_ro1_02.02.wac	2,3,4	1	md5
ro	sound	1836.wac	cin_ro1_02.03.wac	2,3,4	1	md5
ro	sound	1837.wac	cin_ro1_02.04.wac	2,3,4	1	md5
ro	sound	1838.wac	cin_ro1_02.05.wac	2,3,4	1	md5
ro	sound	1839.wac	cin_ro1_02.06.wac	2,3,4	1	md5
ro	sound	1840.wac	ros00n01p01c01.01.wac	2,3,4	1	md5
ro	sound	1841.wac	ros00n01p01c01.02.wac	2,3,4	1	md5
ro	sound	1842.wac	ros00n01p01c01.03.wac	2,3,4	1	md5
ro	sound	1843.wac	ros00n01p01c01.04.wac	2,3,4	1	md5
sy	dia	1844.dia	sp_con02.dia	1	1	md5
sy	sound	1844.wac	sp_con02.wac	1	1	md5
sy	visual	down_gua.tga	lardown_gua.tga	1	1	md5
sy	visual	down_gun.tga	lardown_gun.tga	1	1	md5
sy	visual	down_gur.tga	lardown_gur.tga	1	1	md5
sy	visual	load_gua.tga	larload_gua.tga	1	1	md5
sy	visual	load_gun.tga	larload_gun.tga	1	1	md5
sy	visual	up_gua.tga	larup_gua.tga	1	1	md5
sy	visual	up_gun.tga	larup_gun.tga	1	1	md5
sy	visual	up_gur.tga	larup_gur.tga	1	1	md5
wa	dia	1862.dia	tr_wa_a01.dia	2,3,4	1	md5
wa	dia	1863.dia	tr_wa_a01_2.dia			code
wa	dia	1864.dia	tr_wa_a01_3.dia			code
wa	dia	1873.dia	tr_wa_a07_2.dia			code
wa	dia	1874.dia	tr_wa_a07_3.dia			code
wa	dia	1875.dia	tr_wa_a07.dia	2,3,4	1	md5
wa	dia	1876.dia	tr_wa_a10_2.dia			code
wa	dia	1877.dia	tr_wa_a10_3.dia			code
wa	dia	1878.dia	tr_wa_a10.dia	2,3,4	1	md5
wa	dia	1933.dia	was01n08di01.dia	2,3,4	1	md5
wa	dia	1934.dia	was01n08di03.dia	2,3,4	1	md5
wa	dia	1935.dia	was01n08di05.dia	2,3,4	1	md5
wa	dia	1950.dan	cin_wa1_01.dan	2,3,4	1	md5
wa	dia	1950.dia	cin_wa1_01.dia	2,3,4	1	md5
wa	dia	1951.dan	cin_wa1_02.dan	2,3,4	1	md5
wa	dia	1951.dia	cin_wa1_02.dia	2,3,4	1	md5
wa	dia	1952.dia	cin_wa1_03.dia	2,3,4	1	md5
wa	dia	1953.dan	was07n01di01.dan	2,3,4	1	md5
wa	dia	1953.dia	was07n01di01.dia	2,3,4	1	md5
wa	dia	1954.dia	was07n01di02.dia	2,3,4	1	md5
wa	dia	1955.dan	was07n01di03.dan	2,3,4	1	md5
wa	dia	1955.dia	was07n01di03.dia	2,3,4	1	md5
wa	dia	1956.dia	was07n01di04.dia	2,3,4	1	md5
wa	dia	1957.dan	was07n01di05.dan	2,3,4	1	md5
wa	dia	1957.dia	was07n01di05.dia	2,3,4	1	md5
wa	dia	1958.dia	was07n01di06.dia	2,3,4	1	md5
wa	dia	1959.dan	was07n01di07.dan	2,3,4	1	md5
wa	dia	1959.dia	was07n01di07.dia	2,3,4	1	md5
wa	dia	1960.dia	was07n01di08.dia	2,3,4	1	md5
wa	dia	1961.dan	was01n08di02.dan	2,3,4	1	md5
wa	dia	1961.dia	was01n08di02.dia	2,3,4	1	md5
wa	dia	1962.dan	was01n08di04.dan	2,3,4	1	md5
wa	dia	1962.dia	was01n08di04.dia	2,3,4	1	md5
wa	dia	1963.dia	vov_as5_01.dia	2,3,4	1	md5
wa	dia	1964.dan	vov_as5_02.dan	2,3,4	1	md5
wa	dia	1964.dia	vov_as5_02.dia	2,3,4	1	md5
wa	dia	1965.dia	vov_as5_03.dia	2,3,4	1	md5
wa	dia	1966.dia	vov_as5_04.dia	2,3,4	1	md5
wa	dia	1967.dan	vov_as5_05.dan	2,3,4	1	md5
wa	dia	1967.dia	vov_as5_05.dia	2,3,4	1	md5
wa	dia	1968.dia	vov_as5_06.dia	2,3,4	1	md5
wa	dia	1969.dan	vov_as5_07.dan	2,3,4	1	md5
wa	dia	1969.dia	vov_as5_07.dia	2,3,4	1	md5
wa	dia	1970.dia	vov_as5_08.dia	2,3,4	1	md5
wa	dia	1971.dan	vov_as5_09.dan	2,3,4	1	md5
wa	dia	1971.dia	vov_as5_09.dia	2,3,4	1	md5
wa	dia	1972.dan	vov_as5_10.dan	2,3,4	1	md5
wa	dia	1972.dia	vov_as5_10.dia	2,3,4	1	md5
wa	dia	1973.dan	vov_as5_11.dan	2,3,4	1	md5
wa	dia	1973.dia	vov_as5_11.dia	2,3,4	1	md5
wa	pla	1849.cnm	was01n08p01a01.cnm	6	3	md5
wa	pla	1850.cnm	was01n08_s06n01_var2.cnm	6	3	md5
wa	pla	1851.cnm	was05n02a01.cnm	6	3	md5
wa	pla	1852.cnm	was03n04a01.cnm	6	3	md5
wa	pla	1853.cnm	was03n04a02.cnm	6	3	md5
wa	pla	1854.cnm	was03n03p01a01.cnm	6	3	md5
wa	pla	1855.cnm	was02n02p01a01.cnm	6	3	md5
wa	pla	1856.cnm	was02n02p01a03.cnm	6	3	md5
wa	pla	1857.cnm	was02n02p01a04.cnm	6	3	md5
wa	pla	1858.cnm	was02n02p01a05.cnm	6	3	md5
wa	pla	1859.cnm	was02n02p01a02.cnm	6	3	md5
wa	pla	1860.cnm	was06n02p01a01.cnm	6	3	md5
wa	pla	1861.cnm	was06n02_s06n03.cnm	6	3	md5
wa	pla	1862.cnm	tr_wa_a01.cnm	6	3	md5
wa	pla	1863.cnm	tr_wa_a01_2.cnm			code
wa	pla	1864.cnm	tr_wa_a01_3.cnm			code
wa	pla	1865.cnm	was04n02p01a02.cnm	6	3	md5
wa	pla	1866.cnm	was04n02p01a03.cnm	6	3	md5
wa	pla	1867.cnm	was04n02p02a01.cnm	6	3	md5
wa	pla	1868.cnm	was03n04_s03n02_var1.cnm	6	3	md5
wa	pla	1869.cnm	was03n04_s03n02_var4.cnm	6	3	md5
wa	pla	1870.cnm	was03n04_s03n02_var3.cnm	6	3	md5
wa	pla	1871.cnm	was03n04_s03n02_var2.cnm	6	3	md5
wa	pla	1872.cnm	was01n08_s06n01_var1.cnm	6	3	md5
wa	pla	1873.cnm	tr_wa_a07_2.cnm			code
wa	pla	1874.cnm	tr_wa_a07_3.cnm			code
wa	pla	1875.cnm	tr_wa_a07.cnm	6	3	md5
wa	pla	1876.cnm	tr_wa_a10_2.cnm			code
wa	pla	1877.cnm	tr_wa_a10_3.cnm			code
wa	pla	1878.cnm	tr_wa_a10.cnm	6	3	md5
wa	pla	1879.cnm	tr_wa_l.cnm	6	3	md5
wa	pla	1880.cnm	tr_as_wa_a.cnm	6	3	md5
wa	pla	1881.cnm	tr_as_wa_b.cnm	6	3	md5
wa	pla	1883.cnm	was00n01_s01n01.cnm	6	3	md5
wa	pla	1884.cnm	was01n01_s01n02.cnm	6	3	md5
wa	pla	1885.cnm	was01n01_s00n01.cnm	6	3	md5
wa	pla	1886.cnm	was01n02_s01n03.cnm	6	3	md5
wa	pla	1887.cnm	was01n02_s01n01.cnm	6	3	md5
wa	pla	1888.cnm	was01n02_s02n01.cnm	6	3	md5
wa	pla	1889.cnm	was01n03_s01n04.cnm	6	3	md5
wa	pla	1890.cnm	was01n03_s01n02.cnm	6	3	md5
wa	pla	1891.cnm	was01n03_s07n01.cnm	6	3	md5
wa	pla	1892.cnm	was01n04_s01n05.cnm	6	3	md5
wa	pla	1893.cnm	was01n04_s01n03.cnm	6	3	md5
wa	pla	1894.cnm	was01n04_s03n01.cnm	6	3	md5
wa	pla	1895.cnm	was01n05_s01n06.cnm	6	3	md5
wa	pla	1896.cnm	was01n05_s01n04.cnm	6	3	md5
wa	pla	1897.cnm	was01n05_s04n01.cnm	6	3	md5
wa	pla	1898.cnm	was01n06_s01n07.cnm	6	3	md5
wa	pla	1899.cnm	was01n06_s01n05.cnm	6	3	md5
wa	pla	1900.cnm	was01n06_s05n01.cnm	6	3	md5
wa	pla	1901.cnm	was01n07_s01n08.cnm	6	3	md5
wa	pla	1902.cnm	was01n07_s01n06.cnm	6	3	md5
wa	pla	1904.cnm	was01n08_s01n07.cnm	6	3	md5
wa	pla	1905.cnm	was02n01_s01n02.cnm	6	3	md5
wa	pla	1906.cnm	was02n01_s02n02.cnm	6	3	md5
wa	pla	1907.cnm	was02n02_s02n01.cnm	6	3	md5
wa	pla	1908.cnm	was03n01_s01n04_var1.cnm	6	3	md5
wa	pla	1909.cnm	was03n01_s03n02_var1.cnm	6	3	md5
wa	pla	1910.cnm	was03n01_s01n04_var2.cnm	6	3	md5
wa	pla	1911.cnm	was03n01_s03n02_var2.cnm	6	3	size
wa	pla	1912.cnm	was03n02_s03n01_var1.cnm	6	3	md5
wa	pla	1913.cnm	was03n02_s03n03_var1.cnm	6	3	md5
wa	pla	1914.cnm	was03n02_s03n04_var1.cnm	6	3	md5
wa	pla	1915.cnm	was03n02_s03n01_var2.cnm	6	3	md5
wa	pla	1916.cnm	was03n02_s03n03_var2.cnm	6	3	md5
wa	pla	1917.cnm	was03n02_s03n04_var2.cnm	6	3	md5
wa	pla	1918.cnm	was03n03_s03n02_var1.cnm	6	3	md5
wa	pla	1919.cnm	was03n03_s03n02_var2.cnm	6	3	md5
wa	pla	1920.cnm	was04n01_s01n05.cnm	6	3	md5
wa	pla	1921.cnm	was04n01_s04n02_var1.cnm	6	3	md5
wa	pla	1922.cnm	was04n01_s04n02_var2.cnm	6	3	md5
wa	pla	1923.cnm	was04n02_s04n01.cnm	6	3	md5
wa	pla	1924.cnm	was04n02p01a01.cnm	6	3	md5
wa	pla	1925.cnm	was05n01_s01n06.cnm	6	3	md5
wa	pla	1926.cnm	was05n01_s05n02.cnm	6	3	md5
wa	pla	1927.cnm	was05n02_s05n01.cnm	6	3	md5
wa	pla	1928.cnm	was06n01_s01n08.cnm	6	3	md5
wa	pla	1929.cnm	was06n01_s06n02.cnm	6	3	md5
wa	pla	1930.cnm	was06n02_s06n01.cnm	6	3	md5
wa	pla	1931.cnm	was07n01_s01n03.cnm	6	3	md5
wa	sound	1932.wav	wa_body_shifts.wav	6	1	md5
wa	sound	1933.wac	was01n08di01.wac	2,3,4	1	md5
wa	sound	1934.wac	was01n08di03.wac	2,3,4	1	md5
wa	sound	1935.wac	was01n08di05.wac	2,3,4	1	md5
wa	sound	1938.was	wa_bgr_mus_poletje.was	6	1	md5
wa	sound	1939.was	wa_bgr_mus_zima.was	6	1	md5
wa	sound	1940.was	wa_bgr_mus_pomlad.was	6	1	md5
wa	sound	1941.was	wa_bgr_mus_jesen.was	6	1	md5
wa	sound	1942.wav	wa_low_ambience.wav	6	1	md5
wa	sound	1943.was	wa_fight.was	6	1	md5
wa	sound	1944.was	wa_wotan_vs_brunhilda.was	6	1	md5
wa	sound	1945.was	wa_bgrfx_air_room.was	6	1	md5
wa	sound	1946.was	wa_bgrfx_earth_room.was	6	1	md5
wa	sound	1947.was	wa_bgrfx_fire_room.was	6	1	md5
wa	sound	1948.was	wa_bgrfx_water_room.was	6	1	md5
wa	sound	1949.was	wa_turnmagnets.was	6	1	md5
wa	sound	1950.wac	cin_wa1_01.wac	2,3,4	1	md5
wa	sound	1951.wac	cin_wa1_02.wac	2,3,4	1	md5
wa	sound	1952.wac	cin_wa1_03.wac	2,3,4	1	md5
wa	sound	1953.wac	was07n01di01.wac	2,3,4	1	md5
wa	sound	1954.wac	was07n01di02.wac	2,3,4	1	md5
wa	sound	1955.wac	was07n01di03.wac	2,3,4	1	md5
wa	sound	1956.wac	was07n01di04.wac	2,3,4	1	md5
wa	sound	1957.wac	was07n01di05.wac	2,3,4	1	md5
wa	sound	1958.wac	was07n01di06.wac	2,3,4	1	md5
wa	sound	1959.wac	was07n01di07.wac	2,3,4	1	md5
wa	sound	1960.wac	was07n01di08.wac	2,3,4	1	md5
wa	sound	1961.wac	was01n08di02.wac	2,3,4	1	md5
wa	sound	1962.wac	was01n08di04.wac	2,3,4	1	md5
wa	sound	1963.wac	vov_as5_01.wac	2,3,4	1	md5
wa	sound	1964.wac	vov_as5_02.wac	2,3,4	1	md5
wa	sound	1965.wac	vov_as5_03.wac	2,3,4	1	md5
wa	sound	1966.wac	vov_as5_04.wac	2,3,4	1	md5
wa	sound	1967.wac	vov_as5_05.wac	2,3,4	1	md5
wa	sound	1968.wac	vov_as5_06.wac	2,3,4	1	md5
wa	sound	1969.wac	vov_as5_07.wac	2,3,4	1	md5
wa	sound	1970.wac	vov_as5_08.wac	2,3,4	1	md5
wa	sound	1971.wac	vov_as5_09.wac	2,3,4	1	md5
wa	sound	1972.wac	vov_as5_10.wac	2,3,4	1	md5
wa	sound	1973.wac	vov_as5_11.wac	2,3,4	1	md5
